yearID,teamID,W,L,R,RA,H,HR,BB,SO,Win
1871,BS1,20,10,401,303,426,3,60,19.0,1
1871,CH1,19,9,302,241,323,10,60,22.0,1
1871,CL1,10,19,249,341,328,7,26,25.0,0
1871,FW1,7,12,137,243,178,2,33,9.0,0
1871,NY2,16,17,302,313,403,1,33,15.0,0
1871,PH1,21,7,376,266,410,9,46,23.0,1
1871,RC1,4,21,231,287,274,3,38,30.0,0
1871,TRO,13,15,351,362,384,6,49,19.0,0
1871,WS3,15,15,310,303,375,6,48,13.0,0
1872,BL1,35,19,617,434,747,14,27,28.0,1
1872,BR1,3,26,152,413,235,0,14,29.0,0
1872,BR2,9,28,237,473,370,0,19,24.0,0
1872,BS1,39,8,521,236,677,7,28,26.0,1
1872,CL1,6,16,174,254,272,0,17,13.0,0
1872,MID,5,19,220,348,305,1,5,12.0,0
1872,NY2,34,20,523,362,668,4,55,52.0,1
1872,PH1,30,14,539,349,678,4,69,47.0,1
1872,TRO,15,10,273,191,329,5,7,14.0,1
1872,WS3,2,7,54,140,93,0,4,4.0,0
1872,WS4,0,11,80,190,105,0,1,3.0,0
1873,BL1,34,22,644,451,810,12,40,25.0,1
1873,BL4,0,6,26,152,33,0,0,0.0,0
1873,BR2,17,37,366,549,588,6,53,43.0,0
1873,BS1,43,16,739,460,930,13,62,24.0,1
1873,ELI,2,21,98,299,204,0,8,22.0,0
1873,NY2,29,24,424,385,622,5,42,22.0,1
1873,PH1,28,23,474,403,683,4,35,32.0,1
1873,PH2,36,17,526,396,645,8,62,39.0,1
1873,WS5,8,31,283,485,408,3,19,33.0,0
1874,BL1,9,38,227,505,435,1,24,0.0,0
1874,BR2,22,33,301,449,497,1,32,0.0,0
1874,BS1,52,18,735,415,981,18,32,0.0,1
1874,CH2,28,31,418,480,690,3,34,0.0,0
1874,HR1,16,37,371,471,587,2,26,0.0,0
1874,NY2,42,23,500,377,709,8,38,0.0,1
1874,PH1,33,22,441,344,646,6,24,0.0,1
1874,PH2,29,29,476,428,690,3,28,0.0,0
1875,BR2,2,42,132,438,304,2,10,0.0,0
1875,BS1,71,8,831,343,1124,14,31,0.0,1
1875,CH2,30,37,379,416,697,0,24,0.0,0
1875,HR1,54,28,557,343,873,2,40,0.0,1
1875,KEO,1,12,45,88,81,0,1,0.0,0
1875,NH1,7,40,170,397,374,2,13,0.0,0
1875,NY2,30,38,328,425,626,7,21,0.0,0
1875,PH1,53,20,699,402,940,10,40,0.0,1
1875,PH2,37,31,470,376,681,5,22,0.0,1
1875,PH3,2,12,70,138,126,0,8,0.0,0
1875,SL1,4,15,60,161,138,0,14,0.0,0
1875,SL2,39,29,386,369,641,0,33,0.0,1
1875,WS6,5,23,107,338,194,0,5,0.0,0
1876,BSN,39,31,471,450,723,9,58,98.0,1
1876,CHN,52,14,624,257,926,8,70,45.0,1
1876,CN1,9,56,238,579,555,4,41,136.0,0
1876,HAR,47,21,429,261,711,2,39,78.0,1
1876,LS1,30,36,280,344,641,6,24,98.0,0
1876,NY3,21,35,260,412,494,2,18,35.0,0
1876,PHN,14,45,378,534,646,7,27,36.0,0
1876,SL3,45,19,386,229,642,2,59,63.0,1
1877,BSN,42,18,419,263,700,4,65,121.0,1
1877,CHN,26,33,366,375,633,0,57,111.0,0
1877,CN1,15,42,291,485,545,6,78,110.0,0
1877,HAR,31,27,341,311,637,4,30,97.0,1
1877,LS1,35,25,339,288,659,9,58,140.0,1
1877,SL3,28,32,284,318,531,1,57,147.0,0
1878,BSN,41,19,298,241,535,2,35,154.0,1
1878,CHN,30,30,371,331,677,3,88,157.0,0
1878,CN1,37,23,333,281,629,5,58,141.0,1
1878,IN1,24,36,293,328,542,3,64,197.0,0
1878,ML2,15,45,256,386,552,2,69,214.0,0
1878,PRO,33,27,353,337,604,8,50,218.0,1
1879,BFN,46,32,394,365,733,2,78,314.0,1
1879,BSN,54,30,562,348,883,20,90,222.0,1
1879,CHN,46,33,437,411,808,3,73,294.0,1
1879,CL2,27,55,322,461,666,4,37,214.0,0
1879,CN1,43,37,485,464,813,8,66,207.0,1
1879,PRO,59,25,612,355,1003,12,91,172.0,1
1879,SR1,22,48,276,462,592,5,28,238.0,0
1879,TRN,19,56,321,543,673,4,45,182.0,0
1880,BFN,24,58,331,502,669,3,90,327.0,0
1880,BSN,40,44,416,456,779,20,105,221.0,0
1880,CHN,67,17,538,317,876,4,104,217.0,1
1880,CL2,47,37,387,337,726,7,76,237.0,1
1880,CN1,21,59,296,472,649,7,75,267.0,0
1880,PRO,52,32,419,299,793,8,89,186.0,1
1880,TRN,41,42,392,438,755,5,120,260.0,0
1880,WOR,40,43,412,370,699,8,81,278.0,0
1881,BFN,45,38,440,447,797,12,108,270.0,1
1881,BSN,38,45,349,410,733,5,110,193.0,0
1881,CHN,56,28,550,379,918,12,140,224.0,1
1881,CL2,36,48,392,414,796,7,132,224.0,0
1881,DTN,41,43,439,429,780,17,136,250.0,0
1881,PRO,47,37,447,426,780,11,146,214.0,1
1881,TRN,39,45,399,429,754,5,140,240.0,0
1881,WOR,32,50,410,492,781,7,121,169.0,0
1882,BL2,19,54,273,515,535,4,72,215.0,0
1882,CN2,55,25,489,268,795,5,102,204.0,1
1882,LS2,42,38,443,352,728,9,128,193.0,1
1882,PH4,41,34,406,389,660,5,125,164.0,1
1882,PT1,39,39,428,418,730,18,90,183.0,0
1882,SL4,37,43,399,496,663,11,112,226.0,0
1882,BFN,45,39,500,461,858,18,116,228.0,1
1882,BSN,45,39,472,414,823,15,134,244.0,1
1882,CHN,55,29,604,353,892,15,142,262.0,1
1882,CL2,42,40,402,411,716,20,122,261.0,1
1882,DTN,42,41,407,488,724,19,122,308.0,1
1882,PRO,52,32,463,356,776,11,102,255.0,1
1882,TRN,35,48,430,522,747,12,109,298.0,0
1882,WOR,18,66,379,652,689,16,113,303.0,0
1883,BL2,28,68,471,742,870,5,162,331.0,0
1883,CL5,32,65,476,659,854,15,134,410.0,0
1883,CN2,61,37,662,413,961,34,139,261.0,1
1883,LS2,52,45,564,562,891,14,140,305.0,1
1883,NY4,54,42,498,405,883,6,142,259.0,1
1883,PH4,66,32,720,547,972,20,194,268.0,1
1883,PT1,31,67,525,728,892,13,162,345.0,0
1883,SL4,65,33,549,409,892,7,125,240.0,1
1883,BFN,52,45,614,576,1058,8,147,342.0,1
1883,BSN,63,35,669,456,1010,34,123,423.0,1
1883,CHN,59,39,679,540,1000,13,129,399.0,1
1883,CL2,55,42,476,443,852,8,139,374.0,1
1883,DTN,40,58,524,650,931,13,166,378.0,0
1883,NY1,46,50,530,577,900,24,127,297.0,0
1883,PHI,17,81,437,887,859,3,141,355.0,0
1883,PRO,58,40,636,436,1001,21,149,309.0,1
1884,BL2,63,43,636,515,896,32,211,545.0,1
1884,BR3,40,64,476,644,845,16,179,417.0,0
1884,CL5,69,39,585,459,901,40,196,404.0,1
1884,CN2,68,41,754,512,1037,36,154,404.0,1
1884,IN2,29,78,462,755,890,20,125,560.0,0
1884,LS2,68,40,573,425,1004,17,146,408.0,1
1884,NY4,75,32,734,423,1052,22,203,315.0,1
1884,PH4,61,46,700,546,1057,26,153,425.0,1
1884,PT1,30,78,406,725,777,2,143,411.0,0
1884,RIC,12,30,194,294,325,7,53,284.0,0
1884,SL4,67,40,658,539,986,11,174,339.0,1
1884,TL1,46,58,463,571,859,8,157,541.0,0
1884,WS7,12,51,248,481,434,6,102,377.0,0
1884,BFN,64,47,700,626,1099,39,215,458.0,1
1884,BSN,73,38,684,468,1063,36,207,660.0,1
1884,CHN,62,50,834,647,1176,142,264,469.0,1
1884,CL2,35,77,458,716,934,16,170,576.0,0
1884,DTN,28,84,445,736,825,31,207,699.0,0
1884,NY1,62,50,693,623,1053,23,249,492.0,1
1884,PHI,39,73,549,824,934,14,209,512.0,0
1884,PRO,84,28,665,388,987,21,300,469.0,1
1884,ALT,6,19,90,216,223,2,22,130.0,0
1884,BLU,58,47,662,627,952,17,144,652.0,1
1884,BSU,58,51,636,558,928,19,128,787.0,1
1884,CHU,41,50,438,482,742,10,119,505.0,0
1884,CNU,69,36,703,466,1027,26,147,482.0,1
1884,KCU,16,63,311,618,557,6,123,529.0,0
1884,MLU,8,4,53,34,88,0,20,70.0,1
1884,PHU,21,46,414,545,618,7,103,405.0,0
1884,SLU,94,19,887,429,1251,32,181,542.0,1
1884,SPU,2,6,24,57,49,0,7,47.0,0
1884,WIL,2,16,35,114,91,2,22,123.0,0
1884,WSU,47,65,572,679,931,4,118,558.0,0
1885,BL2,41,68,541,683,837,17,279,529.0,0
1885,BR3,53,59,624,650,966,14,238,324.0,0
1885,CN2,63,49,642,575,1046,26,153,420.0,1
1885,LS2,53,59,564,598,986,19,152,448.0,0
1885,NY4,44,64,526,688,921,21,217,428.0,0
1885,PH4,55,57,764,691,1099,30,223,410.0,0
1885,PT1,56,55,547,539,955,5,189,537.0,1
1885,SL4,79,33,677,461,979,17,234,282.0,1
1885,BFN,38,74,495,761,980,23,179,380.0,0
1885,BSN,46,66,528,589,915,22,190,522.0,0
1885,CHN,87,25,834,470,1079,54,340,429.0,1
1885,DTN,41,67,514,582,917,25,216,451.0,0
1885,NY1,85,27,691,370,1085,16,221,312.0,1
1885,PHI,56,54,513,511,891,20,220,401.0,1
1885,PRO,53,57,442,531,820,6,265,430.0,0
1885,SL5,36,72,390,593,829,8,214,412.0,0
1886,BL2,48,83,625,878,945,8,379,603.0,0
1886,BR3,76,61,832,832,1261,16,433,523.0,1
1886,CN2,65,73,883,865,1225,45,374,633.0,0
1886,LS2,66,70,833,805,1294,20,410,558.0,0
1886,NY4,53,82,628,766,1047,18,330,578.0,0
1886,PH4,63,72,772,942,1142,21,378,697.0,0
1886,PT1,80,57,810,647,1171,16,478,713.0,1
1886,SL4,93,46,944,592,1365,20,400,425.0,1
1886,BSN,56,61,657,661,1085,24,250,537.0,0
1886,CHN,90,34,900,555,1223,53,460,513.0,1
1886,DTN,87,36,829,538,1260,53,374,426.0,1
1886,KCN,30,91,494,872,967,19,269,608.0,0
1886,NY1,75,44,692,558,1156,21,237,410.0,1
1886,PHI,71,43,621,498,976,26,282,516.0,1
1886,SL5,43,79,547,712,1001,30,235,656.0,0
1886,WS8,28,92,445,791,856,23,265,582.0,0
1887,BL2,77,58,975,861,1337,31,469,334.0,1
1887,BR3,60,74,904,918,1281,25,456,365.0,0
1887,CL3,39,92,729,1112,1170,14,375,463.0,0
1887,CN2,81,54,892,745,1285,37,382,366.0,1
1887,LS2,76,60,956,854,1420,27,436,356.0,1
1887,NY4,44,89,754,1093,1197,21,439,463.0,0
1887,PH4,64,69,893,890,1370,29,321,388.0,0
1887,SL4,95,40,1131,761,1550,39,442,340.0,1
1887,BSN,61,60,831,792,1255,53,340,392.0,1
1887,CHN,71,50,813,716,1177,80,407,400.0,1
1887,DTN,79,45,969,714,1404,55,352,258.0,1
1887,IN3,37,89,628,965,1080,33,300,379.0,0
1887,NY1,68,55,816,723,1259,48,361,326.0,1
1887,PHI,75,48,901,702,1269,47,385,346.0,1
1887,PIT,55,69,621,750,1141,20,319,381.0,0
1887,WS8,46,76,601,818,1039,47,269,339.0,0
1888,BL2,57,80,653,779,1068,19,298,479.0,0
1888,BR3,88,52,758,584,1177,25,353,439.0,1
1888,CL3,50,82,651,839,1076,12,315,559.0,0
1888,CN2,80,54,745,628,1161,32,345,555.0,1
1888,KC2,43,89,579,896,1000,19,288,604.0,0
1888,LS2,48,87,689,870,1177,14,322,604.0,0
1888,PH4,81,52,827,594,1209,31,303,473.0,1
1888,SL4,92,43,789,501,1189,36,410,521.0,1
1888,BSN,70,64,669,619,1183,56,282,524.0,1
1888,CHN,77,58,734,659,1201,77,290,563.0,1
1888,DTN,68,63,721,629,1275,51,307,396.0,1
1888,IN3,50,85,603,731,1100,34,236,492.0,0
1888,NY1,84,47,659,479,1149,55,270,456.0,1
1888,PHI,69,61,535,509,1021,16,268,485.0,1
1888,PIT,66,68,534,580,1070,14,194,583.0,0
1888,WS8,48,86,482,731,944,30,246,499.0,0
1889,BL2,70,65,791,795,1209,20,418,536.0,1
1889,BR3,93,44,995,706,1265,47,550,401.0,1
1889,CL6,60,78,779,924,1247,36,507,609.0,0
1889,CN2,76,63,897,769,1307,52,452,511.0,1
1889,KC2,55,82,852,1031,1256,18,430,626.0,0
1889,LS2,27,111,632,1091,1249,22,320,521.0,0
1889,PH4,75,58,880,787,1339,43,534,496.0,1
1889,SL4,90,45,957,680,1312,58,493,477.0,1
1889,BSN,83,45,826,626,1251,42,471,450.0,1
1889,CHN,67,65,867,814,1274,79,518,516.0,1
1889,CL4,61,72,656,720,1167,25,429,417.0,0
1889,IN3,59,75,819,894,1356,62,377,447.0,0
1889,NY1,83,43,935,708,1319,52,538,386.0,1
1889,PHI,63,64,742,748,1248,44,393,353.0,0
1889,PIT,61,71,726,801,1202,42,420,467.0,0
1889,WS8,41,83,632,892,1105,25,466,456.0,0
1890,BL3,15,19,182,192,278,2,125,152.0,0
1890,BR4,26,73,492,733,769,13,328,456.0,0
1890,CL6,79,55,831,617,1225,16,545,557.0,1
1890,LS2,88,44,819,588,1310,15,410,460.0,1
1890,PH4,54,78,702,945,1057,24,475,540.0,0
1890,RC2,63,63,709,711,1088,31,446,538.0,0
1890,SL4,78,58,870,736,1308,48,474,490.0,1
1890,SR2,55,72,698,831,1158,14,457,482.0,0
1890,TL2,68,64,739,689,1152,24,486,558.0,1
1890,BRO,86,43,884,620,1166,43,517,361.0,1
1890,BSN,76,57,763,593,1220,31,530,515.0,1
1890,CHN,83,53,847,692,1271,67,516,514.0,1
1890,CIN,77,55,753,633,1204,27,433,377.0,1
1890,CL4,44,88,630,832,1073,21,497,474.0,0
1890,NY1,63,68,713,698,1250,25,350,479.0,0
1890,PHI,78,53,823,707,1267,23,522,403.0,1
1890,PIT,23,113,597,1235,1088,20,408,458.0,0
1890,BFP,36,96,793,1199,1249,20,541,367.0,0
1890,BRP,76,56,964,893,1354,34,502,369.0,1
1890,BSP,81,48,992,767,1306,54,652,435.0,1
1890,CHP,75,62,886,770,1311,31,492,410.0,1
1890,CLP,55,75,849,1027,1373,27,509,345.0,0
1890,NYP,74,57,1018,875,1393,66,486,364.0,1
1890,PHP,68,63,941,855,1348,49,431,321.0,1
1890,PTP,60,68,835,892,1192,35,569,375.0,0
1891,BL3,71,64,850,798,1217,30,551,553.0,1
1891,BS2,93,42,1028,675,1341,52,651,499.0,1
1891,CL6,61,76,702,777,1113,20,529,530.0,0
1891,CN3,43,57,549,643,838,28,428,385.0,0
1891,LS2,54,83,713,890,1247,17,443,473.0,0
1891,ML3,21,15,227,156,332,13,107,114.0,1
1891,PH4,73,66,817,794,1301,55,447,548.0,1
1891,SL4,85,51,976,753,1330,58,625,440.0,1
1891,WS9,44,91,691,1067,1183,19,468,485.0,0
1891,BRO,61,76,765,820,1233,23,464,435.0,0
1891,BSN,87,51,847,658,1264,54,532,538.0,1
1891,CHN,82,53,832,730,1233,60,526,457.0,1
1891,CIN,56,81,646,790,1158,40,414,439.0,0
1891,CL4,65,74,835,888,1294,22,519,464.0,0
1891,NY1,71,61,754,711,1271,46,438,394.0,1
1891,PHI,68,69,756,773,1244,21,482,412.0,0
1891,PIT,55,80,679,744,1148,29,427,503.0,0
1892,BLN,46,101,779,1020,1342,30,499,480.0,0
1892,BRO,95,59,935,733,1439,30,629,506.0,1
1892,BSN,102,48,862,649,1324,34,526,488.0,1
1892,CHN,70,76,635,735,1188,26,427,482.0,0
1892,CIN,82,68,766,731,1288,44,503,474.0,1
1892,CL4,93,56,855,613,1375,26,552,536.0,1
1892,LS3,63,89,649,804,1208,18,433,508.0,0
1892,NY1,71,80,811,826,1326,39,510,469.0,0
1892,PHI,87,66,860,690,1420,50,528,515.0,1
1892,PIT,80,73,802,796,1288,38,435,453.0,1
1892,SLN,56,94,703,922,1187,45,607,491.0,0
1892,WAS,58,93,731,869,1245,37,529,553.0,0
1893,BLN,60,70,820,893,1281,27,537,323.0,0
1893,BRO,65,63,775,845,1200,45,473,296.0,1
1893,BSN,86,43,1008,795,1358,65,561,292.0,1
1893,CHN,56,71,829,874,1299,32,465,262.0,0
1893,CIN,65,63,759,814,1195,29,532,256.0,1
1893,CL4,73,55,976,839,1425,32,532,229.0,1
1893,LS3,50,75,759,942,1185,19,485,306.0,0
1893,NY1,68,64,941,845,1424,61,504,279.0,1
1893,PHI,72,57,1011,841,1553,80,468,335.0,1
1893,PIT,81,48,970,766,1447,37,537,273.0,1
1893,SLN,57,75,745,829,1288,10,524,251.0,0
1893,WAS,40,89,722,1032,1260,23,524,237.0,0
1894,BLN,89,39,1171,819,1647,33,516,200.0,1
1894,BRO,70,61,1021,1007,1507,42,466,294.0,1
1894,BSN,83,49,1220,1002,1658,103,535,261.0,1
1894,CHN,57,75,1041,1066,1555,65,496,298.0,0
1894,CIN,55,75,910,1085,1374,61,508,252.0,0
1894,CL4,68,61,932,896,1442,37,471,301.0,1
1894,LS3,36,94,692,1001,1206,42,350,364.0,0
1894,NY1,88,44,940,789,1446,43,476,217.0,1
1894,PHI,71,57,1143,966,1732,40,496,245.0,1
1894,PIT,65,65,955,972,1458,48,434,208.0,0
1894,SLN,56,76,771,953,1320,54,442,289.0,0
1894,WAS,45,87,882,1122,1317,59,617,375.0,0
1895,BLN,87,43,1009,646,1530,25,355,243.0,1
1895,BRO,71,60,867,834,1330,39,397,318.0,1
1895,BSN,71,60,907,826,1369,54,500,236.0,1
1895,CHN,72,58,866,854,1401,55,422,344.0,1
1895,CIN,66,64,903,854,1395,36,414,249.0,1
1895,CL4,84,46,917,720,1423,29,472,361.0,1
1895,LS3,35,96,698,1090,1320,34,346,323.0,0
1895,NY1,66,65,852,834,1324,32,454,292.0,1
1895,PHI,78,53,1068,957,1664,61,463,262.0,1
1895,PIT,71,61,811,787,1349,26,376,299.0,1
1895,SLN,39,92,747,1032,1344,38,384,279.0,0
1895,WAS,43,85,837,1048,1314,55,518,396.0,0
1896,BLN,90,39,995,662,1548,23,386,201.0,1
1896,BRO,58,73,692,764,1292,28,344,269.0,0
1896,BSN,74,57,860,761,1416,36,414,274.0,1
1896,CHN,71,57,815,799,1311,34,409,290.0,1
1896,CIN,77,50,783,620,1283,20,382,226.0,1
1896,CL4,80,48,840,650,1463,28,436,316.0,1
1896,LS3,38,93,653,997,1197,37,371,427.0,0
1896,NY1,64,67,829,821,1383,40,439,271.0,0
1896,PHI,62,68,890,891,1382,49,438,297.0,0
1896,PIT,66,63,787,741,1371,27,387,286.0,1
1896,SLN,40,90,593,929,1162,37,332,300.0,0
1896,WAS,58,73,818,920,1328,45,516,365.0,0
1897,BLN,90,40,964,674,1584,19,437,256.0,1
1897,BRO,61,71,802,845,1343,24,351,255.0,0
1897,BSN,93,39,1025,665,1574,45,423,262.0,1
1897,CHN,59,73,832,894,1356,38,430,317.0,0
1897,CIN,76,56,763,705,1311,22,380,218.0,1
1897,CL4,69,62,773,680,1374,16,435,344.0,1
1897,LS3,52,78,669,859,1197,40,370,453.0,0
1897,NY1,83,48,895,695,1449,31,404,327.0,1
1897,PHI,55,77,752,792,1392,40,399,299.0,0
1897,PIT,60,71,676,835,1266,25,359,334.0,0
1897,SLN,29,102,588,1083,1277,31,354,314.0,0
1897,WAS,61,71,781,793,1376,36,374,348.0,0
1898,BLN,96,53,933,623,1584,12,519,316.0,1
1898,BRO,54,91,638,811,1314,17,328,314.0,0
1898,BSN,102,47,872,614,1531,53,405,303.0,1
1898,CHN,85,65,828,679,1431,18,476,394.0,1
1898,CIN,92,60,831,740,1448,19,455,300.0,1
1898,CL4,81,68,730,683,1379,18,545,306.0,1
1898,LS3,70,81,728,833,1389,32,375,429.0,0
1898,NY1,77,73,837,800,1422,34,428,372.0,1
1898,PHI,78,71,823,784,1431,33,472,382.0,1
1898,PIT,72,76,634,694,1313,14,336,343.0,0
1898,SLN,39,111,571,929,1290,13,383,402.0,0
1898,WAS,51,101,704,939,1423,36,370,386.0,0
1899,BLN,86,62,827,691,1509,17,418,383.0,1
1899,BRO,101,47,892,658,1436,27,477,263.0,1
1899,BSN,95,57,858,645,1517,39,431,269.0,1
1899,CHN,75,73,812,763,1428,27,406,342.0,1
1899,CIN,83,67,856,770,1439,13,485,295.0,1
1899,CL4,20,134,529,1252,1333,12,289,280.0,0
1899,LS3,75,77,827,775,1484,40,436,375.0,0
1899,NY1,60,90,734,863,1431,23,387,360.0,0
1899,PHI,94,58,916,743,1613,31,441,341.0,1
1899,PIT,76,73,834,765,1574,27,384,345.0,1
1899,SLN,84,67,819,739,1514,47,468,262.0,1
1899,WAS,54,98,743,983,1429,47,350,341.0,0
1900,BRO,82,54,816,722,1423,26,421,272.0,1
1900,BSN,66,72,778,739,1403,48,395,278.0,0
1900,CHN,65,75,635,751,1276,33,343,383.0,0
1900,CIN,62,77,703,745,1335,33,333,408.0,0
1900,NY1,60,78,713,823,1317,23,369,343.0,0
1900,PHI,75,63,810,792,1439,29,440,374.0,1
1900,PIT,79,60,733,612,1312,26,327,321.0,1
1900,SLN,65,75,744,748,1420,36,406,318.0,0
1901,BLA,68,65,760,750,1348,24,369,377.0,1
1901,BOS,79,57,759,608,1353,37,331,282.0,1
1901,CHA,83,53,819,631,1303,32,475,337.0,1
1901,CLE,54,82,667,831,1311,12,243,326.0,0
1901,DET,74,61,741,694,1303,29,380,346.0,1
1901,MLA,48,89,641,828,1250,26,325,384.0,0
1901,PHA,74,62,805,761,1409,35,301,344.0,1
1901,WS1,61,72,682,771,1282,33,356,340.0,0
1901,BRO,79,57,744,600,1399,32,312,449.0,1
1901,BSN,69,69,531,556,1180,28,303,519.0,0
1901,CHN,53,86,578,699,1250,18,314,532.0,0
1901,CIN,52,87,561,818,1232,38,323,584.0,0
1901,NY1,52,85,544,755,1225,19,303,575.0,0
1901,PHI,83,57,668,543,1275,24,430,549.0,1
1901,PIT,90,49,776,534,1407,29,386,493.0,1
1901,SLN,76,64,792,689,1430,39,314,540.0,1
1902,BLA,50,88,715,848,1318,33,417,429.0,0
1902,BOS,77,60,664,600,1356,42,275,375.0,1
1902,CHA,74,60,675,602,1248,14,411,381.0,1
1902,CLE,69,67,686,667,1401,33,308,356.0,1
1902,DET,52,83,566,657,1167,22,359,287.0,0
1902,PHA,83,53,775,636,1369,38,343,293.0,1
1902,SLA,78,58,619,607,1254,29,373,327.0,1
1902,WS1,61,75,707,790,1338,47,329,296.0,0
1902,BRO,75,63,564,519,1242,19,319,489.0,1
1902,BSN,73,64,572,516,1178,14,398,481.0,1
1902,CHN,68,69,530,501,1200,6,353,565.0,0
1902,CIN,70,70,633,566,1383,18,297,465.0,0
1902,NY1,48,88,401,590,1088,8,252,530.0,0
1902,PHI,56,81,484,649,1139,5,356,481.0,0
1902,PIT,103,36,775,440,1410,18,372,446.0,1
1902,SLN,56,78,517,695,1226,10,273,438.0,0
1903,BOS,91,47,708,504,1336,48,262,561.0,1
1903,CHA,60,77,516,613,1152,14,325,537.0,0
1903,CLE,77,63,639,579,1265,31,259,595.0,1
1903,DET,65,71,567,539,1229,12,292,526.0,0
1903,NYA,72,62,579,573,1136,18,332,465.0,1
1903,PHA,75,60,597,519,1236,32,268,513.0,1
1903,SLA,65,74,500,525,1133,12,271,539.0,0
1903,WS1,43,94,437,691,1066,17,257,463.0,0
1904,BOS,95,59,608,466,1294,26,347,570.0,1
1904,CHA,89,65,600,482,1217,14,373,586.0,1
1904,CLE,86,65,647,482,1340,27,307,714.0,1
1904,DET,62,90,505,627,1231,11,344,635.0,0
1904,NYA,92,59,598,526,1354,27,312,548.0,1
1904,PHA,81,70,557,503,1266,31,313,605.0,1
1904,SLA,65,87,481,604,1266,10,332,609.0,0
1904,WS1,38,113,437,743,1170,10,283,759.0,0
1910,BRO,64,90,497,623,1174,25,434,706.0,0
1910,BSN,53,100,495,701,1260,31,359,540.0,0
1910,CHN,104,50,712,499,1333,34,542,501.0,1
1910,CIN,75,79,620,684,1326,23,529,515.0,0
1910,NY1,91,63,715,567,1391,31,562,489.0,1
1910,PHI,78,75,674,639,1319,22,506,559.0,1
1910,PIT,86,67,655,576,1364,33,437,524.0,1
1910,SLN,63,90,639,718,1217,15,655,581.0,0
1911,BRO,64,86,539,659,1198,28,425,683.0,0
1911,BSN,44,107,699,1021,1417,37,554,577.0,0
1911,CHN,92,62,757,607,1335,54,585,617.0,1
1911,CIN,70,83,682,706,1379,21,578,594.0,0
1911,NY1,99,54,756,542,1399,41,530,506.0,1
1911,PHI,79,73,658,669,1307,60,490,588.0,1
1911,PIT,85,69,744,557,1345,49,525,583.0,1
1911,SLN,75,74,671,745,1295,26,592,650.0,1
1912,BRO,58,95,651,754,1377,32,490,584.0,0
1912,BSN,52,101,693,861,1465,35,454,690.0,0
1912,CHN,91,59,756,668,1398,43,560,615.0,1
1912,CIN,75,78,656,722,1310,21,479,492.0,0
1912,NY1,103,48,823,571,1451,47,514,497.0,1
1912,PHI,73,79,670,688,1354,43,464,615.0,0
1912,PIT,93,58,751,565,1493,39,420,514.0,1
1912,SLN,63,90,659,830,1366,27,508,620.0,0
1913,BOS,79,71,631,610,1334,17,466,534.0,1
1913,CHA,78,74,488,498,1139,24,398,550.0,1
1913,CLE,86,66,633,536,1349,16,420,557.0,1
1913,DET,66,87,624,716,1344,24,496,501.0,0
1913,NYA,57,94,529,668,1157,8,534,617.0,0
1913,PHA,96,57,794,592,1412,33,534,547.0,1
1913,SLA,57,96,528,642,1193,18,455,769.0,0
1913,WS1,90,64,596,561,1281,19,440,595.0,1
1913,BRO,65,84,595,613,1394,39,361,555.0,0
1913,BSN,69,82,641,690,1318,32,488,640.0,0
1913,CHN,88,65,720,630,1289,59,554,634.0,1
1913,CIN,64,89,607,717,1339,27,458,579.0,0
1913,NY1,101,51,684,515,1427,30,444,501.0,1
1913,PHI,88,63,693,636,1433,73,383,578.0,1
1913,PIT,78,71,673,585,1383,35,391,545.0,1
1913,SLN,51,99,528,755,1229,15,451,573.0,0
1914,BOS,91,62,589,510,1278,18,490,549.0,1
1914,CHA,70,84,487,560,1205,19,408,609.0,0
1914,CLE,51,102,538,709,1262,10,450,685.0,0
1914,DET,80,73,615,618,1318,25,557,537.0,1
1914,NYA,70,84,537,550,1144,12,577,711.0,0
1914,PHA,99,53,749,529,1392,29,545,517.0,1
1914,SLA,71,82,523,615,1241,17,423,863.0,0
1914,WS1,81,73,572,519,1245,18,470,640.0,1
1914,BLF,84,70,645,628,1374,32,487,589.0,1
1914,BRF,77,77,662,677,1402,42,404,665.0,0
1914,BUF,80,71,620,602,1264,38,430,761.0,1
1914,CHF,87,67,621,517,1314,52,520,645.0,1
1914,IND,88,65,762,622,1474,33,470,641.0,1
1914,KCF,67,84,644,683,1369,39,399,621.0,0
1914,PTF,64,86,605,698,1339,34,410,575.0,0
1914,SLF,62,89,565,697,1254,26,503,662.0,0
1914,BRO,75,79,622,618,1386,31,376,559.0,0
1914,BSN,94,59,657,548,1307,35,502,617.0,1
1914,CHN,78,76,605,638,1229,42,501,577.0,1
1914,CIN,60,94,530,651,1178,16,441,627.0,0
1914,NY1,84,70,672,576,1363,30,447,479.0,1
1914,PHI,74,80,651,687,1345,62,472,570.0,0
1914,PIT,69,85,503,540,1197,18,416,608.0,0
1914,SLN,81,72,558,540,1249,33,445,618.0,1
1915,BOS,101,50,669,499,1308,14,527,476.0,1
1915,CHA,93,61,717,509,1269,25,583,575.0,1
1915,CLE,57,95,539,670,1210,20,490,681.0,0
1915,DET,100,54,778,597,1372,23,681,527.0,1
1915,NYA,69,83,584,588,1162,31,570,669.0,0
1915,PHA,43,109,545,888,1204,16,436,634.0,0
1915,SLA,63,91,521,680,1255,19,472,765.0,0
1915,WS1,85,68,569,491,1225,12,458,541.0,1
1915,BLF,47,107,550,760,1235,36,470,641.0,0
1915,BRF,70,82,647,673,1348,36,473,654.0,0
1915,BUF,74,78,574,634,1261,40,420,587.0,0
1915,CHF,86,66,640,538,1320,50,444,590.0,1
1915,KCF,81,72,547,551,1206,28,368,503.0,1
1915,NEW,80,72,585,562,1283,17,438,550.0,1
1915,PTF,86,67,592,524,1318,20,448,561.0,1
1915,SLF,87,67,634,527,1344,23,576,502.0,1
1915,BRO,80,72,536,560,1268,14,313,496.0,1
1915,BSN,83,69,582,545,1219,17,549,620.0,1
1915,CHN,73,80,570,620,1246,53,393,639.0,0
1915,CIN,71,83,516,585,1323,15,360,512.0,0
1915,NY1,69,83,582,628,1312,24,315,547.0,0
1915,PHI,90,62,589,463,1216,58,460,600.0,1
1915,PIT,73,81,557,520,1259,24,419,656.0,0
1915,SLN,72,81,590,601,1297,20,457,658.0,0
1916,BOS,91,63,550,480,1246,14,464,482.0,1
1916,CHA,89,65,601,497,1277,17,447,591.0,1
1916,CLE,77,77,630,602,1264,16,522,605.0,0
1916,DET,87,67,670,595,1371,17,545,529.0,1
1916,NYA,80,74,577,561,1277,35,516,632.0,1
1916,PHA,36,117,447,776,1212,19,406,631.0,0
1916,SLA,79,75,588,545,1262,14,627,640.0,1
1916,WS1,76,77,536,543,1238,12,535,597.0,0
1916,BRO,94,60,585,471,1366,28,355,550.0,1
1916,BSN,89,63,542,453,1181,22,437,646.0,1
1916,CHN,67,86,520,541,1237,46,399,662.0,0
1916,CIN,60,93,505,617,1336,14,362,573.0,0
1916,NY1,86,66,597,504,1305,42,356,558.0,1
1916,PHI,91,62,581,489,1244,42,399,571.0,1
1916,PIT,65,89,484,586,1246,20,372,618.0,0
1916,SLN,60,93,476,629,1223,25,335,651.0,0
1917,BOS,90,62,555,454,1243,14,466,473.0,1
1917,CHA,100,54,656,464,1281,18,522,479.0,1
1917,CLE,88,66,584,543,1224,13,549,596.0,1
1917,DET,78,75,639,577,1317,25,483,476.0,1
1917,NYA,71,82,524,558,1226,27,496,535.0,0
1917,PHA,55,98,529,691,1296,17,435,519.0,0
1917,SLA,57,97,510,687,1250,15,405,540.0,0
1917,WS1,74,79,543,566,1238,4,500,574.0,0
1917,BRO,70,81,511,559,1299,25,334,527.0,0
1917,BSN,72,81,536,552,1280,22,427,587.0,0
1917,CHN,74,80,552,567,1229,17,415,599.0,0
1917,CIN,78,76,601,611,1385,26,312,477.0,1
1917,NY1,98,56,635,457,1360,39,373,533.0,1
1917,PHI,87,65,578,500,1262,38,435,533.0,1
1917,PIT,51,103,464,595,1230,9,399,580.0,0
1917,SLN,82,70,531,567,1271,26,359,652.0,1
1918,BOS,75,51,474,380,990,15,406,324.0,1
1918,CHA,57,67,457,446,1057,8,375,358.0,0
1918,CLE,73,54,504,447,1084,9,491,386.0,1
1918,DET,55,71,476,557,1063,13,452,380.0,0
1918,NYA,60,63,493,475,1085,20,367,370.0,0
1918,PHA,52,76,412,538,1039,22,343,485.0,0
1918,SLA,58,64,426,448,1040,5,397,340.0,0
1918,WS1,72,56,461,412,1144,4,376,361.0,1
1918,BRO,57,69,360,463,1052,10,212,326.0,0
1918,BSN,53,71,424,469,1014,13,350,438.0,0
1918,CHN,84,45,538,393,1147,21,358,343.0,1
1918,CIN,68,60,530,496,1185,15,304,303.0,1
1918,NY1,71,53,480,415,1081,13,271,365.0,1
1918,PHI,55,68,430,507,1022,25,346,400.0,0
1918,PIT,65,60,466,412,1016,15,371,285.0,1
1918,SLN,51,78,454,527,1066,27,329,461.0,0
1919,BOS,66,71,564,552,1188,33,471,411.0,0
1919,CHA,88,52,667,534,1343,25,427,358.0,1
1919,CLE,84,55,636,537,1268,24,498,367.0,1
1919,DET,80,60,618,578,1319,23,429,427.0,1
1919,NYA,80,59,578,506,1275,45,386,479.0,1
1919,PHA,36,104,457,742,1156,35,349,565.0,0
1919,SLA,67,72,533,567,1234,31,391,443.0,0
1919,WS1,56,84,533,570,1238,24,416,511.0,0
1919,BRO,69,71,525,513,1272,25,258,405.0,0
1919,BSN,57,82,465,563,1201,24,355,481.0,0
1919,CHN,75,65,454,407,1174,21,298,359.0,1
1919,CIN,96,44,577,401,1204,20,405,368.0,1
1919,NY1,87,53,605,470,1254,40,328,407.0,1
1919,PHI,47,90,510,699,1191,42,323,469.0,0
1919,PIT,71,68,472,466,1132,17,344,381.0,1
1919,SLN,54,83,463,552,1175,18,304,418.0,0
1920,BOS,72,81,650,698,1397,22,533,429.0,0
1920,CHA,96,58,794,665,1574,37,471,353.0,1
1920,CLE,98,56,857,642,1574,35,574,379.0,1
1920,DET,61,93,652,833,1408,30,479,391.0,0
1920,NYA,95,59,838,629,1448,115,539,626.0,1
1920,PHA,48,106,558,834,1324,44,353,593.0,0
1920,SLA,76,77,797,766,1651,50,427,339.0,0
1920,WS1,68,84,723,802,1526,36,433,543.0,0
1920,BRO,93,61,660,528,1493,28,359,391.0,1
1920,BSN,62,90,523,670,1358,23,385,488.0,0
1920,CHN,75,79,619,635,1350,34,428,421.0,0
1920,CIN,82,71,639,569,1432,18,382,367.0,1
1920,NY1,86,68,682,543,1427,46,432,545.0,1
1920,PHI,62,91,565,714,1385,64,283,531.0,0
1920,PIT,79,75,530,552,1342,16,374,405.0,1
1920,SLN,75,79,675,682,1589,32,373,484.0,0
1921,BOS,75,79,668,696,1440,17,428,344.0,0
1921,CHA,62,92,683,858,1509,35,445,474.0,0
1921,CLE,94,60,925,712,1656,42,623,376.0,1
1921,DET,71,82,883,852,1724,58,582,376.0,0
1921,NYA,98,55,948,708,1576,134,588,569.0,1
1921,PHA,53,100,657,894,1497,82,424,565.0,0
1921,SLA,81,73,835,845,1655,67,413,407.0,1
1921,WS1,80,73,704,738,1468,42,462,472.0,1
1921,BRO,77,75,667,681,1476,59,325,400.0,1
1921,BSN,79,74,721,697,1561,61,377,470.0,1
1921,CHN,64,89,668,773,1553,37,343,374.0,0
1921,CIN,70,83,618,649,1421,20,375,308.0,0
1921,NY1,94,59,840,637,1575,75,469,390.0,1
1921,PHI,51,103,617,919,1512,88,294,615.0,0
1921,PIT,90,63,692,595,1533,37,341,371.0,1
1921,SLN,87,66,809,681,1635,83,382,452.0,1
1922,BOS,61,93,598,769,1392,45,366,455.0,0
1922,CHA,77,77,691,691,1463,45,482,463.0,0
1922,CLE,78,76,768,817,1544,32,554,331.0,1
1922,DET,79,75,828,791,1641,54,530,378.0,1
1922,NYA,94,60,758,618,1504,95,497,532.0,1
1922,PHA,65,89,705,830,1409,111,437,591.0,0
1922,SLA,93,61,867,643,1693,98,473,381.0,1
1922,WS1,69,85,650,706,1395,45,458,442.0,0
1922,BRO,76,78,743,754,1569,56,339,318.0,0
1922,BSN,53,100,596,822,1355,32,387,451.0,0
1922,CHN,80,74,771,808,1564,42,525,447.0,1
1922,CIN,86,68,766,677,1561,45,436,381.0,1
1922,NY1,93,61,852,658,1661,80,448,421.0,1
1922,PHI,57,96,738,920,1537,116,450,611.0,0
1922,PIT,85,69,865,736,1698,52,423,326.0,1
1922,SLN,85,69,863,819,1634,107,447,425.0,1
1923,BOS,61,91,584,809,1354,34,391,480.0,0
1923,CHA,69,85,692,741,1463,42,532,458.0,0
1923,CLE,82,71,888,746,1594,59,633,384.0,1
1923,DET,83,71,831,741,1579,41,596,385.0,1
1923,NYA,98,54,823,622,1554,105,521,516.0,1
1923,PHA,69,83,661,761,1407,53,445,517.0,0
1923,SLA,74,78,688,720,1489,82,442,423.0,0
1923,WS1,75,78,720,747,1436,26,532,448.0,0
1923,BRO,76,78,753,741,1559,62,425,382.0,0
1923,BSN,54,100,636,798,1455,32,429,404.0,0
1923,CHN,83,71,756,704,1516,90,455,485.0,1
1923,CIN,91,63,708,629,1506,45,439,367.0,1
1923,NY1,95,58,854,679,1610,85,487,406.0,1
1923,PHI,50,104,748,1008,1528,112,414,556.0,0
1923,PIT,87,67,786,696,1592,49,407,362.0,1
1923,SLN,79,74,746,732,1582,63,438,446.0,1
1924,BOS,67,87,737,806,1481,30,603,417.0,0
1924,CHA,66,87,793,858,1512,41,604,418.0,0
1924,CLE,67,86,755,814,1580,41,492,371.0,0
1924,DET,86,68,849,796,1604,35,607,400.0,1
1924,NYA,89,63,798,667,1516,98,478,420.0,1
1924,PHA,71,81,685,778,1459,63,374,482.0,0
1924,SLA,74,78,769,809,1543,67,465,349.0,0
1924,WS1,92,62,755,613,1558,22,513,392.0,1
1924,BRO,92,62,717,675,1534,72,447,357.0,1
1924,BSN,53,100,520,800,1355,25,354,451.0,0
1924,CHN,81,72,698,699,1419,66,469,521.0,1
1924,CIN,83,70,649,579,1539,36,349,334.0,1
1924,NY1,93,60,857,641,1634,95,467,479.0,1
1924,PHI,55,96,676,849,1459,94,382,452.0,0
1924,PIT,90,63,724,588,1517,44,366,396.0,1
1924,SLN,65,89,740,750,1552,67,382,418.0,0
1925,BOS,47,105,639,922,1375,41,513,422.0,0
1925,CHA,79,75,811,770,1482,38,662,405.0,1
1925,CLE,70,84,782,817,1613,52,520,379.0,0
1925,DET,81,73,903,829,1621,50,640,386.0,1
1925,NYA,69,85,706,774,1471,110,470,482.0,0
1925,PHA,88,64,831,713,1659,76,453,432.0,1
1925,SLA,82,71,900,906,1620,110,498,375.0,1
1925,WS1,96,55,829,670,1577,56,533,427.0,1
1925,BRO,68,85,786,866,1617,64,437,383.0,0
1925,BSN,70,83,708,802,1567,41,405,380.0,0
1925,CHN,68,86,723,773,1473,86,397,470.0,0
1925,CIN,80,73,690,643,1490,44,409,327.0,1
1925,NY1,86,66,736,702,1507,114,411,494.0,1
1925,PHI,68,85,812,930,1598,100,456,542.0,0
1925,PIT,95,58,912,715,1651,78,499,363.0,1
1925,SLN,77,76,828,764,1592,109,446,414.0,1
1926,BOS,46,107,562,835,1325,32,465,450.0,0
1926,CHA,81,72,730,665,1508,32,556,381.0,1
1926,CLE,88,66,738,612,1529,27,455,332.0,1
1926,DET,79,75,793,830,1547,36,599,423.0,1
1926,NYA,91,63,847,713,1508,121,642,580.0,1
1926,PHA,83,67,677,570,1359,61,523,452.0,1
1926,SLA,62,92,682,845,1449,72,437,465.0,0
1926,WS1,81,69,802,761,1525,43,555,369.0,1
1926,BRO,71,82,623,705,1348,40,475,464.0,0
1926,BSN,66,86,624,719,1444,16,426,348.0,0
1926,CHN,82,72,682,602,1453,66,445,447.0,1
1926,CIN,87,67,747,651,1541,35,454,333.0,1
1926,NY1,74,77,663,668,1435,73,339,420.0,0
1926,PHI,58,93,687,900,1479,75,422,479.0,0
1926,PIT,84,69,769,689,1514,44,434,350.0,1
1926,SLN,89,65,817,678,1541,90,478,518.0,1
1927,BOS,51,103,597,856,1348,28,430,456.0,0
1927,CHA,70,83,662,708,1433,36,493,389.0,0
1927,CLE,66,87,668,766,1471,26,381,366.0,0
1927,DET,82,71,845,805,1533,51,587,420.0,1
1927,NYA,110,44,975,599,1644,158,635,605.0,1
1927,PHA,91,63,841,726,1606,56,551,326.0,1
1927,SLA,59,94,724,904,1440,55,443,420.0,0
1927,WS1,85,69,782,730,1549,29,498,359.0,1
1927,BRO,65,88,541,619,1314,39,368,494.0,0
1927,BSN,60,94,651,771,1498,37,346,363.0,0
1927,CHN,85,68,750,661,1505,74,481,492.0,1
1927,CIN,75,78,643,653,1439,29,402,332.0,0
1927,NY1,92,62,817,720,1594,109,461,462.0,1
1927,PHI,51,103,678,903,1487,57,434,482.0,0
1927,PIT,94,60,817,659,1648,54,437,355.0,1
1927,SLN,92,61,754,665,1450,84,484,511.0,1
1928,BOS,57,96,589,770,1356,38,389,512.0,0
1928,CHA,72,82,656,725,1405,24,469,488.0,0
1928,CLE,62,92,674,830,1535,34,377,426.0,0
1928,DET,68,86,744,804,1476,62,469,438.0,0
1928,NYA,101,53,894,685,1578,133,562,544.0,1
1928,PHA,98,55,829,615,1540,89,533,442.0,1
1928,SLA,82,72,772,742,1431,63,548,479.0,1
1928,WS1,75,79,718,705,1510,40,481,390.0,0
1928,BRO,77,76,665,640,1393,66,557,510.0,1
1928,BSN,50,103,631,878,1439,52,447,377.0,0
1928,CHN,91,63,714,615,1460,92,508,517.0,1
1928,CIN,78,74,648,686,1449,32,386,330.0,1
1928,NY1,93,61,807,653,1600,118,444,376.0,1
1928,PHI,43,109,660,957,1396,85,503,510.0,0
1928,PIT,85,67,837,704,1659,52,435,352.0,1
1928,SLN,95,59,807,636,1505,113,568,438.0,1
1929,BOS,58,96,605,803,1377,28,413,494.0,0
1929,CHA,59,93,627,792,1406,37,425,436.0,0
1929,CLE,81,71,717,736,1525,62,453,363.0,1
1929,DET,70,84,926,928,1671,110,521,496.0,0
1929,NYA,88,66,899,775,1587,142,554,518.0,1
1929,PHA,104,46,901,615,1539,122,543,440.0,1
1929,SLA,79,73,733,713,1426,46,589,431.0,1
1929,WS1,71,81,730,776,1445,48,556,400.0,0
1929,BRO,70,83,755,888,1535,99,504,454.0,0
1929,BSN,56,98,657,876,1481,33,408,432.0,0
1929,CHN,98,54,982,758,1655,139,589,567.0,1
1929,CIN,66,88,686,760,1478,34,412,347.0,0
1929,NY1,84,67,897,709,1594,136,482,405.0,1
1929,PHI,71,82,897,1032,1693,153,573,470.0,0
1929,PIT,88,65,904,780,1663,60,503,335.0,1
1929,SLN,78,74,831,806,1569,100,490,455.0,1
1930,BOS,52,102,612,814,1393,47,358,552.0,0
1930,CHA,62,92,729,884,1496,63,389,479.0,0
1930,CLE,81,73,890,915,1654,72,490,461.0,1
1930,DET,75,79,783,833,1504,82,461,508.0,0
1930,NYA,86,68,1062,898,1683,152,644,569.0,1
1930,PHA,102,52,951,751,1573,125,599,531.0,1
1930,SLA,64,90,751,886,1415,75,497,550.0,0
1930,WS1,94,60,892,689,1620,57,537,438.0,1
1930,BRO,86,68,871,738,1654,122,481,541.0,1
1930,BSN,70,84,693,835,1503,66,332,397.0,0
1930,CHN,90,64,998,870,1722,171,588,635.0,1
1930,CIN,59,95,665,857,1475,74,445,489.0,0
1930,NY1,87,67,959,814,1769,143,422,382.0,1
1930,PHI,52,102,944,1199,1783,126,450,459.0,0
1930,PIT,80,74,891,928,1622,86,494,449.0,1
1930,SLN,92,62,1004,784,1732,104,479,496.0,1
1931,BOS,62,90,625,800,1409,37,405,565.0,0
1931,CHA,56,97,704,939,1423,27,483,445.0,0
1931,CLE,78,76,885,833,1612,71,555,433.0,1
1931,DET,61,93,651,836,1456,43,480,468.0,0
1931,NYA,94,59,1067,760,1667,155,748,554.0,1
1931,PHA,107,45,858,626,1544,118,528,543.0,1
1931,SLA,63,91,722,870,1455,76,488,580.0,0
1931,WS1,92,62,843,691,1588,49,481,459.0,1
1931,BRO,79,73,681,673,1464,71,409,512.0,1
1931,BSN,64,90,533,680,1367,34,368,430.0,0
1931,CHN,84,70,828,710,1578,84,577,641.0,1
1931,CIN,58,96,592,742,1439,21,403,463.0,0
1931,NY1,87,65,768,599,1554,101,383,395.0,1
1931,PHI,66,88,684,828,1502,81,437,492.0,0
1931,PIT,75,79,636,691,1425,41,493,454.0,0
1931,SLN,101,53,815,614,1554,60,432,475.0,1
1932,BOS,43,111,566,915,1331,53,469,539.0,0
1932,CHA,49,102,667,897,1426,36,459,386.0,0
1932,CLE,87,65,845,747,1544,78,566,454.0,1
1932,DET,76,75,799,787,1479,80,486,523.0,1
1932,NYA,107,47,1002,724,1564,160,766,527.0,1
1932,PHA,94,60,981,752,1606,172,647,630.0,1
1932,SLA,63,91,736,898,1502,67,507,528.0,0
1932,WS1,93,61,840,716,1565,61,505,442.0,1
1932,BRO,81,73,752,747,1538,110,388,574.0,1
1932,BSN,77,77,649,655,1460,63,347,496.0,0
1932,CHN,90,64,720,633,1519,69,398,514.0,1
1932,CIN,60,94,575,715,1429,47,436,436.0,0
1932,NY1,72,82,755,706,1527,116,348,391.0,0
1932,PHI,78,76,844,796,1608,122,446,547.0,1
1932,PIT,86,68,701,711,1543,48,358,385.0,1
1932,SLN,72,82,684,717,1467,76,420,514.0,0
1933,BOS,63,86,700,758,1407,50,525,464.0,0
1933,CHA,67,83,683,814,1448,43,538,416.0,0
1933,CLE,75,76,654,669,1366,50,448,426.0,0
1933,DET,75,79,722,733,1479,57,475,523.0,0
1933,NYA,91,59,927,768,1495,144,700,506.0,1
1933,PHA,79,72,875,853,1519,139,625,618.0,1
1933,SLA,55,96,669,820,1337,64,520,556.0,0
1933,WS1,99,53,850,665,1586,60,539,395.0,1
1933,BRO,65,88,617,695,1413,62,397,453.0,0
1933,BSN,83,71,552,531,1320,54,326,428.0,1
1933,CHN,86,68,646,536,1422,72,392,475.0,1
1933,CIN,58,94,496,643,1267,34,349,354.0,0
1933,NY1,91,61,636,515,1437,82,377,477.0,1
1933,PHI,60,92,607,760,1439,60,381,479.0,0
1933,PIT,87,67,667,619,1548,39,366,334.0,1
1933,SLN,82,71,687,609,1486,57,391,528.0,1
1934,BOS,76,76,820,775,1465,51,610,535.0,0
1934,CHA,53,99,704,946,1395,71,565,524.0,0
1934,CLE,85,69,814,763,1550,100,526,433.0,1
1934,DET,101,53,958,708,1644,74,639,528.0,1
1934,NYA,94,60,842,669,1494,135,700,597.0,1
1934,PHA,68,82,764,838,1491,144,491,584.0,0
1934,SLA,67,85,674,800,1417,62,514,631.0,0
1934,WS1,66,86,729,806,1512,51,570,447.0,0
1934,BRO,71,81,748,795,1526,79,548,555.0,0
1934,BSN,78,73,683,714,1460,83,375,440.0,1
1934,CHN,86,65,705,639,1494,101,375,630.0,1
1934,CIN,52,99,590,801,1428,55,313,532.0,0
1934,NY1,93,60,760,583,1485,126,406,526.0,1
1934,PHI,56,93,675,794,1480,56,398,534.0,0
1934,PIT,74,76,735,713,1541,52,440,398.0,0
1934,SLN,95,58,799,656,1582,104,392,535.0,1
1935,BOS,78,75,718,732,1458,69,609,470.0,1
1935,CHA,74,78,738,750,1460,74,580,405.0,0
1935,CLE,82,71,776,739,1573,93,460,567.0,1
1935,DET,93,58,919,665,1573,106,627,456.0,1
1935,NYA,89,60,818,632,1462,104,604,469.0,1
1935,PHA,58,91,710,869,1470,112,475,602.0,0
1935,SLA,65,87,718,930,1446,73,593,561.0,0
1935,WS1,67,86,823,903,1591,32,596,406.0,0
1935,BRO,70,83,711,767,1496,59,430,520.0,0
1935,BSN,38,115,575,852,1396,75,353,436.0,0
1935,CHN,100,54,847,597,1581,88,464,471.0,1
1935,CIN,68,85,646,772,1403,73,392,547.0,0
1935,NY1,91,62,770,675,1608,123,392,479.0,1
1935,PHI,64,89,685,871,1466,92,392,661.0,0
1935,PIT,86,67,743,647,1543,66,457,437.0,1
1935,SLN,96,58,829,625,1548,86,404,521.0,1
1936,BOS,74,80,775,764,1485,86,584,465.0,0
1936,CHA,81,70,920,873,1597,60,684,417.0,1
1936,CLE,80,74,921,862,1715,123,514,470.0,1
1936,DET,83,71,921,871,1638,94,640,462.0,1
1936,NYA,102,51,1065,731,1676,182,700,594.0,1
1936,PHA,53,100,714,1045,1443,72,524,590.0,0
1936,SLA,57,95,804,1064,1502,79,625,627.0,0
1936,WS1,82,71,889,799,1601,62,576,398.0,1
1936,BRO,67,87,662,752,1518,33,390,458.0,0
1936,BSN,71,83,631,715,1450,67,433,582.0,0
1936,CHN,87,67,755,603,1545,76,491,462.0,1
1936,CIN,74,80,722,760,1476,82,410,584.0,0
1936,NY1,92,62,742,621,1529,97,431,452.0,1
1936,PHI,54,100,726,874,1538,103,451,586.0,0
1936,PIT,84,70,804,718,1596,60,517,502.0,1
1936,SLN,87,67,795,794,1554,88,442,577.0,1
1937,BOS,80,72,821,775,1506,100,601,557.0,1
1937,CHA,86,68,780,730,1478,67,549,447.0,1
1937,CLE,83,71,817,768,1499,103,570,551.0,1
1937,DET,89,65,935,841,1611,150,656,711.0,1
1937,NYA,102,52,979,671,1554,174,709,607.0,1
1937,PHA,54,97,699,854,1398,94,583,557.0,0
1937,SLA,46,108,715,1023,1573,71,514,510.0,0
1937,WS1,73,80,757,841,1559,47,591,503.0,0
1937,BRO,62,91,616,772,1401,37,469,583.0,0
1937,BSN,79,73,579,556,1265,63,485,707.0,1
1937,CHN,93,61,811,682,1537,96,538,496.0,1
1937,CIN,56,98,612,707,1329,73,437,586.0,0
1937,NY1,95,57,732,602,1484,111,412,492.0,1
1937,PHI,61,92,724,869,1482,103,478,640.0,0
1937,PIT,86,68,704,646,1550,47,463,480.0,1
1937,SLN,81,73,789,733,1543,94,385,569.0,1
1938,BOS,88,61,902,751,1566,98,650,463.0,1
1938,CHA,65,83,709,752,1439,67,514,489.0,0
1938,CLE,86,66,847,782,1506,113,550,605.0,1
1938,DET,84,70,862,795,1434,137,693,581.0,1
1938,NYA,99,53,966,710,1480,174,749,616.0,1
1938,PHA,53,99,726,956,1410,98,605,590.0,0
1938,SLA,55,97,755,962,1498,92,590,528.0,0
1938,WS1,75,76,814,873,1602,85,573,379.0,0
1938,BRO,69,80,704,710,1322,61,611,615.0,0
1938,BSN,77,75,561,618,1311,54,424,548.0,1
1938,CHN,89,63,713,598,1435,65,522,476.0,1
1938,CIN,82,68,723,634,1495,110,366,518.0,1
1938,NY1,83,67,705,637,1424,125,465,528.0,1
1938,PHI,45,105,550,840,1318,40,423,507.0,0
1938,PIT,86,64,707,630,1511,65,485,409.0,1
1938,SLN,71,80,725,721,1542,91,412,492.0,0
1939,BOS,89,62,890,795,1543,124,591,505.0,1
1939,CHA,85,69,755,737,1451,64,579,502.0,1
1939,CLE,87,67,797,700,1490,85,557,574.0,1
1939,DET,81,73,849,762,1487,124,620,592.0,1
1939,NYA,106,45,967,556,1521,166,701,543.0,1
1939,PHA,55,97,711,1022,1438,98,503,532.0,0
1939,SLA,43,111,733,1035,1453,91,559,606.0,0
1939,WS1,65,87,702,797,1483,44,547,460.0,0
1939,BRO,84,69,708,645,1420,78,564,639.0,1
1939,BSN,63,88,572,659,1395,56,366,494.0,0
1939,CHN,84,70,724,678,1407,91,523,553.0,1
1939,CIN,97,57,767,595,1493,98,500,538.0,1
1939,NY1,77,74,703,685,1395,116,498,499.0,1
1939,PHI,45,106,553,856,1341,49,421,486.0,0
1939,PIT,68,85,666,721,1453,63,477,420.0,0
1939,SLN,92,61,779,633,1601,98,475,566.0,1
1940,BOS,82,72,872,825,1566,145,590,597.0,1
1940,CHA,82,72,735,672,1499,73,496,569.0,1
1940,CLE,89,65,710,637,1422,101,519,597.0,1
1940,DET,90,64,888,717,1549,134,664,556.0,1
1940,NYA,88,66,817,671,1371,155,648,606.0,1
1940,PHA,54,100,703,932,1391,105,556,656.0,0
1940,SLA,67,87,757,882,1423,118,556,642.0,0
1940,WS1,64,90,665,811,1453,52,468,504.0,0
1940,BRO,88,65,697,621,1421,93,522,570.0,1
1940,BSN,65,87,623,745,1366,59,402,581.0,0
1940,CHN,75,79,681,636,1441,86,482,566.0,0
1940,CIN,100,53,707,528,1427,89,453,503.0,1
1940,NY1,72,80,663,659,1423,91,453,478.0,0
1940,PHI,50,103,494,750,1225,75,435,527.0,0
1940,PIT,78,76,809,783,1511,76,553,494.0,1
1940,SLN,84,69,747,699,1514,119,479,610.0,1
1941,BOS,84,70,865,750,1517,124,683,567.0,1
1941,CHA,77,77,638,649,1376,47,510,476.0,0
1941,CLE,75,79,677,668,1350,103,512,605.0,0
1941,DET,75,79,686,743,1412,81,602,584.0,0
1941,NYA,101,53,830,631,1464,151,616,565.0,1
1941,PHA,64,90,713,840,1431,85,574,588.0,0
1941,SLA,70,84,765,823,1440,91,775,552.0,0
1941,WS1,70,84,728,798,1502,52,470,488.0,0
1941,BRO,100,54,800,581,1494,101,600,535.0,1
1941,BSN,62,92,592,720,1357,48,471,608.0,0
1941,CHN,70,84,666,670,1323,99,559,670.0,0
1941,CIN,88,66,616,564,1288,64,477,428.0,1
1941,NY1,74,79,667,706,1401,95,504,518.0,0
1941,PHI,43,111,501,793,1277,64,451,596.0,0
1941,PIT,81,73,690,643,1417,56,547,516.0,1
1941,SLN,97,56,734,589,1482,70,540,543.0,1
1942,BOS,93,59,761,594,1451,103,591,508.0,1
1942,CHA,66,82,538,609,1215,25,497,427.0,0
1942,CLE,75,79,590,659,1344,50,500,544.0,0
1942,DET,73,81,589,587,1313,76,509,476.0,0
1942,NYA,103,51,801,507,1429,108,591,556.0,1
1942,PHA,55,99,549,801,1315,33,440,490.0,0
1942,SLA,82,69,730,637,1354,98,609,607.0,1
1942,WS1,62,89,653,817,1364,40,581,536.0,0
1942,BRO,104,50,742,510,1398,62,572,484.0,1
1942,BSN,59,89,515,645,1216,68,474,507.0,0
1942,CHN,68,86,591,665,1360,75,509,607.0,0
1942,CIN,76,76,527,545,1216,66,483,549.0,0
1942,NY1,85,67,675,600,1323,109,558,511.0,1
1942,PHI,42,109,394,706,1174,44,392,488.0,0
1942,PIT,66,81,585,631,1250,54,537,536.0,0
1942,SLN,106,48,755,482,1454,60,551,507.0,1
1943,BOS,68,84,563,607,1314,57,486,591.0,0
1943,CHA,82,72,573,594,1297,33,561,581.0,1
1943,CLE,82,71,600,577,1344,55,567,521.0,1
1943,DET,78,76,632,560,1401,77,483,553.0,1
1943,NYA,98,56,669,542,1350,100,624,562.0,1
1943,PHA,49,105,497,717,1219,26,430,465.0,0
1943,SLA,72,80,596,604,1269,78,569,646.0,0
1943,WS1,84,69,666,595,1328,47,605,579.0,1
1943,BRO,81,72,716,674,1444,39,580,422.0,1
1943,BSN,68,85,465,612,1213,39,469,609.0,0
1943,CHN,74,79,632,600,1380,52,574,522.0,0
1943,CIN,87,67,608,543,1362,43,445,476.0,1
1943,NY1,55,98,558,713,1309,81,480,470.0,0
1943,PHI,64,90,571,676,1321,66,499,556.0,0
1943,PIT,80,74,669,605,1401,42,573,566.0,1
1943,SLN,105,49,679,475,1515,70,428,438.0,1
1944,BOS,77,77,739,676,1456,69,522,505.0,0
1944,CHA,71,83,543,662,1307,23,439,448.0,0
1944,CLE,72,82,643,677,1458,70,512,593.0,0
1944,DET,88,66,658,581,1405,60,532,500.0,1
1944,NYA,83,71,674,617,1410,96,523,627.0,1
1944,PHA,72,82,525,594,1364,36,422,490.0,0
1944,SLA,89,65,684,587,1328,72,531,604.0,1
1944,WS1,64,90,592,664,1386,33,470,477.0,0
1944,BRO,63,91,690,832,1450,56,486,451.0,0
1944,BSN,65,89,593,674,1299,79,456,509.0,0
1944,CHN,75,79,702,669,1425,71,520,521.0,0
1944,CIN,89,65,573,537,1340,51,423,391.0,1
1944,NY1,67,87,682,773,1398,93,512,480.0,0
1944,PHI,61,92,539,658,1331,55,470,500.0,0
1944,PIT,90,63,744,662,1441,70,573,616.0,1
1944,SLN,105,49,772,490,1507,100,544,473.0,1
1945,BOS,71,83,599,674,1393,50,541,534.0,0
1945,CHA,71,78,596,633,1330,22,470,467.0,0
1945,CLE,73,72,557,548,1249,65,505,578.0,1
1945,DET,88,65,633,565,1345,77,517,533.0,1
1945,NYA,81,71,676,606,1343,93,618,567.0,1
1945,PHA,52,98,494,638,1297,33,449,463.0,0
1945,SLA,81,70,597,548,1302,63,500,555.0,1
1945,WS1,87,67,622,562,1375,27,545,489.0,1
1945,BRO,87,67,795,724,1468,57,629,434.0,1
1945,BSN,67,85,721,728,1453,101,520,510.0,0
1945,CHN,98,56,735,532,1465,57,554,462.0,1
1945,CIN,61,93,536,694,1317,56,392,532.0,0
1945,NY1,78,74,668,700,1439,114,501,457.0,1
1945,PHI,46,108,548,865,1278,56,449,501.0,0
1945,PIT,82,72,753,686,1425,72,590,480.0,1
1945,SLN,95,59,756,583,1498,64,515,488.0,1
1946,BOS,104,50,792,594,1441,109,687,661.0,1
1946,CHA,74,80,562,595,1364,37,501,600.0,0
1946,CLE,68,86,537,638,1285,79,506,697.0,0
1946,DET,92,62,704,567,1373,108,622,616.0,1
1946,NYA,87,67,684,547,1275,136,627,706.0,1
1946,PHA,49,105,529,680,1317,40,482,594.0,0
1946,SLA,66,88,621,710,1350,84,465,713.0,0
1946,WS1,76,78,608,706,1388,60,511,641.0,0
1946,BRO,96,60,701,570,1376,55,691,575.0,1
1946,BSN,81,72,630,592,1377,44,558,468.0,1
1946,CHN,82,71,626,581,1344,56,586,599.0,1
1946,CIN,67,87,523,570,1262,65,493,604.0,0
1946,NY1,61,93,612,685,1326,121,532,546.0,0
1946,PHI,69,85,560,705,1351,80,417,590.0,0
1946,PIT,63,91,552,668,1300,60,592,555.0,0
1946,SLN,98,58,712,545,1426,81,530,537.0,1
1947,BOS,83,71,720,669,1412,103,666,590.0,1
1947,CHA,70,84,553,661,1350,53,492,527.0,0
1947,CLE,80,74,687,588,1392,112,502,609.0,1
1947,DET,85,69,714,642,1363,103,762,565.0,1
1947,NYA,97,57,794,568,1439,115,610,581.0,1
1947,PHA,78,76,633,614,1311,61,605,563.0,1
1947,SLA,59,95,564,744,1238,90,583,664.0,0
1947,WS1,64,90,496,675,1234,42,525,534.0,0
1947,BRO,94,60,774,668,1428,83,732,561.0,1
1947,BSN,86,68,701,622,1444,85,558,500.0,1
1947,CHN,69,85,567,722,1373,71,471,578.0,0
1947,CIN,73,81,681,755,1372,95,539,530.0,0
1947,NY1,81,73,830,761,1446,221,494,568.0,1
1947,PHI,62,92,589,687,1354,60,464,594.0,0
1947,PIT,62,92,744,817,1385,156,607,687.0,0
1947,SLN,89,65,780,634,1462,115,612,511.0,1
1948,BOS,96,59,907,720,1471,121,823,552.0,1
1948,CHA,51,101,559,814,1303,55,595,528.0,0
1948,CLE,97,58,840,568,1534,155,646,575.0,1
1948,DET,78,76,700,726,1396,78,671,504.0,1
1948,NYA,94,60,857,633,1480,139,623,478.0,1
1948,PHA,84,70,729,735,1345,68,726,523.0,1
1948,SLA,59,94,671,849,1438,63,578,572.0,0
1948,WS1,56,97,578,796,1245,31,568,572.0,0
1948,BRO,84,70,744,667,1393,91,601,684.0,1
1948,BSN,91,62,739,584,1458,95,671,536.0,1
1948,CHN,64,90,597,706,1402,87,443,578.0,0
1948,CIN,64,89,588,752,1266,104,478,586.0,0
1948,NY1,78,76,780,704,1352,164,599,648.0,1
1948,PHI,66,88,591,729,1367,91,440,598.0,0
1948,PIT,83,71,706,699,1388,108,580,578.0,1
1948,SLN,85,69,742,646,1396,105,594,521.0,1
1949,BOS,96,58,896,667,1500,131,835,510.0,1
1949,CHA,63,91,648,737,1340,43,702,596.0,0
1949,CLE,89,65,675,574,1358,112,601,534.0,1
1949,DET,87,67,751,655,1405,88,751,502.0,1
1949,NYA,97,57,829,637,1396,115,731,539.0,1
1949,PHA,81,73,726,725,1331,82,783,493.0,1
1949,SLA,53,101,667,913,1301,117,631,700.0,0
1949,WS1,50,104,584,868,1330,81,593,495.0,0
1949,BRO,97,57,879,651,1477,152,638,570.0,1
1949,BSN,75,79,706,719,1376,103,684,656.0,0
1949,CHN,61,93,593,773,1336,97,396,573.0,0
1949,CIN,62,92,627,770,1423,86,429,559.0,0
1949,NY1,73,81,736,693,1383,147,613,523.0,0
1949,PHI,81,73,662,668,1349,122,528,670.0,1
1949,PIT,71,83,681,760,1350,126,548,554.0,0
1949,SLN,96,58,766,616,1513,102,569,482.0,1
1950,BOS,94,60,1027,804,1665,161,719,582.0,1
1950,CHA,60,94,625,749,1368,93,551,566.0,0
1950,CLE,92,62,806,654,1417,164,693,624.0,1
1950,DET,95,59,837,713,1518,114,722,480.0,1
1950,NYA,98,56,914,691,1511,159,687,463.0,1
1950,PHA,52,102,670,913,1361,100,685,493.0,0
1950,SLA,58,96,684,916,1269,106,690,744.0,0
1950,WS1,67,87,690,813,1365,76,671,606.0,0
1950,BRO,89,65,847,724,1461,194,607,632.0,1
1950,BSN,83,71,785,736,1411,148,615,616.0,1
1950,CHN,64,89,643,772,1298,161,479,767.0,0
1950,CIN,66,87,654,734,1366,99,504,497.0,0
1950,NY1,86,68,735,643,1352,133,627,629.0,1
1950,PHI,91,63,722,624,1440,125,535,569.0,1
1950,PIT,57,96,681,857,1404,138,564,693.0,0
1950,SLN,78,75,693,670,1353,102,606,604.0,1
1951,BOS,87,67,804,725,1428,127,756,594.0,1
1951,CHA,81,73,714,644,1453,86,596,524.0,1
1951,CLE,93,61,696,594,1346,140,606,632.0,1
1951,DET,73,81,685,741,1413,104,568,525.0,0
1951,NYA,98,56,798,621,1395,140,605,547.0,1
1951,PHA,70,84,736,745,1381,102,677,565.0,0
1951,SLA,52,102,611,882,1288,86,521,693.0,0
1951,WS1,62,92,672,764,1399,54,560,515.0,0
1951,BRO,97,60,855,672,1511,184,603,649.0,1
1951,BSN,76,78,723,662,1385,130,565,617.0,0
1951,CHN,62,92,614,750,1327,103,477,647.0,0
1951,CIN,68,86,559,667,1309,88,415,577.0,0
1951,NY1,98,59,781,641,1396,179,671,624.0,1
1951,PHI,73,81,648,644,1384,108,505,525.0,0
1951,PIT,64,90,689,845,1372,137,557,615.0,0
1951,SLN,81,73,683,671,1404,95,569,492.0,1
1952,BOS,76,78,668,658,1338,113,542,739.0,0
1952,CHA,81,73,610,568,1337,80,541,521.0,1
1952,CLE,93,61,763,606,1399,148,626,749.0,1
1952,DET,50,104,557,738,1278,103,553,605.0,0
1952,NYA,95,59,727,557,1411,129,566,652.0,1
1952,PHA,79,75,664,723,1305,89,683,561.0,1
1952,SLA,64,90,604,733,1340,82,540,720.0,0
1952,WS1,78,76,598,608,1282,50,580,607.0,1
1952,BRO,96,57,775,603,1380,153,663,699.0,1
1952,BSN,64,89,569,651,1214,110,483,711.0,0
1952,CHN,77,77,628,631,1408,107,422,712.0,0
1952,CIN,69,85,615,659,1303,104,480,709.0,0
1952,NY1,92,62,722,639,1337,151,536,672.0,1
1952,PHI,87,67,657,552,1353,93,540,534.0,1
1952,PIT,42,112,515,793,1201,92,486,724.0,0
1952,SLN,88,66,677,630,1386,97,537,479.0,1
1953,BOS,84,69,656,632,1385,101,496,601.0,1
1953,CHA,89,65,716,592,1345,74,601,530.0,1
1953,CLE,92,62,770,627,1426,160,609,683.0,1
1953,DET,60,94,695,923,1479,108,506,603.0,0
1953,NYA,99,52,801,547,1420,139,656,644.0,1
1953,PHA,59,95,632,799,1398,116,498,602.0,0
1953,SLA,54,100,555,778,1310,112,507,644.0,0
1953,WS1,76,76,687,614,1354,69,596,604.0,0
1953,BRO,105,49,955,689,1529,208,655,686.0,1
1953,CHN,65,89,633,835,1372,137,514,746.0,0
1953,CIN,68,86,714,788,1396,166,485,701.0,0
1953,ML1,92,62,738,589,1422,156,439,637.0,1
1953,NY1,70,84,768,747,1452,176,499,608.0,0
1953,PHI,83,71,716,666,1400,115,530,597.0,1
1953,PIT,50,104,622,887,1297,99,524,715.0,0
1953,SLN,83,71,768,713,1474,140,574,617.0,1
1954,BAL,54,100,483,668,1309,52,468,634.0,0
1954,BOS,69,85,700,728,1436,123,654,660.0,0
1954,CHA,94,60,711,521,1382,94,604,536.0,1
1954,CLE,111,43,746,504,1368,156,637,668.0,1
1954,DET,68,86,584,664,1351,90,492,603.0,0
1954,NYA,103,51,805,563,1400,133,650,632.0,1
1954,PHA,51,103,542,875,1228,94,504,677.0,0
1954,WS1,66,88,632,680,1292,81,610,719.0,0
1954,BRO,92,62,778,740,1418,186,634,625.0,1
1954,CHN,64,90,700,766,1412,159,478,693.0,0
1954,CIN,74,80,729,763,1369,147,557,645.0,0
1954,ML1,89,65,670,556,1395,139,471,619.0,1
1954,NY1,97,57,732,550,1386,186,522,561.0,1
1954,PHI,75,79,659,614,1384,102,604,620.0,0
1954,PIT,53,101,557,845,1260,76,566,737.0,0
1954,SLN,72,82,799,790,1518,119,582,586.0,0
1955,BAL,57,97,540,754,1263,54,560,742.0,0
1955,BOS,84,70,755,652,1392,137,707,733.0,1
1955,CHA,91,63,725,557,1401,116,567,595.0,1
1955,CLE,93,61,698,601,1325,148,723,715.0,1
1955,DET,79,75,775,658,1407,130,641,583.0,1
1955,KC1,63,91,638,911,1395,121,463,725.0,0
1955,NYA,96,58,762,569,1342,175,609,658.0,1
1955,WS1,53,101,598,789,1277,80,538,654.0,0
1955,BRO,98,55,857,650,1406,201,674,718.0,1
1955,CHN,72,81,626,713,1287,164,428,806.0,0
1955,CIN,75,79,761,684,1424,181,556,657.0,0
1955,ML1,85,69,743,668,1377,182,504,735.0,1
1955,NY1,80,74,702,673,1377,169,497,581.0,1
1955,PHI,77,77,675,666,1300,132,652,673.0,0
1955,PIT,60,94,560,767,1262,91,471,652.0,0
1955,SLN,68,86,654,757,1375,143,458,597.0,0
1956,BAL,69,85,571,705,1242,91,563,725.0,0
1956,BOS,84,70,780,751,1473,139,727,687.0,1
1956,CHA,85,69,776,634,1412,128,619,660.0,1
1956,CLE,88,66,712,581,1256,153,681,764.0,1
1956,DET,82,72,789,699,1494,150,644,618.0,1
1956,KC1,52,102,619,831,1325,112,480,727.0,0
1956,NYA,97,57,857,631,1433,190,615,755.0,1
1956,WS1,59,95,652,924,1302,112,690,877.0,0
1956,BRO,93,61,720,601,1315,179,649,738.0,1
1956,CHN,60,94,597,708,1281,142,446,776.0,0
1956,CIN,91,63,775,658,1406,221,528,760.0,1
1956,ML1,92,62,709,569,1350,177,486,714.0,1
1956,NY1,67,87,540,650,1268,145,402,659.0,0
1956,PHI,71,83,668,738,1313,121,585,673.0,0
1956,PIT,66,88,588,653,1340,110,383,752.0,0
1956,SLN,76,78,678,698,1443,124,503,622.0,0
1957,BAL,76,76,597,588,1326,87,504,699.0,0
1957,BOS,82,72,721,668,1380,153,624,739.0,1
1957,CHA,90,64,707,566,1369,106,633,745.0,1
1957,CLE,76,77,682,722,1304,140,591,786.0,0
1957,DET,78,76,614,614,1376,116,504,643.0,1
1957,KC1,59,94,563,710,1262,166,364,760.0,0
1957,NYA,98,56,723,534,1412,145,562,709.0,1
1957,WS1,55,99,603,808,1274,111,527,733.0,0
1957,BRO,84,70,690,591,1325,147,550,848.0,1
1957,CHN,62,92,628,722,1312,147,461,989.0,0
1957,CIN,80,74,747,781,1452,187,546,752.0,1
1957,ML1,95,59,772,613,1469,199,461,729.0,1
1957,NY1,69,85,643,701,1349,157,447,669.0,0
1957,PHI,77,77,623,656,1311,117,534,758.0,0
1957,PIT,62,92,586,696,1447,92,374,733.0,0
1957,SLN,87,67,737,666,1497,132,493,672.0,1
1958,BAL,74,79,521,575,1233,108,483,731.0,0
1958,BOS,79,75,697,691,1335,155,638,820.0,1
1958,CHA,82,72,634,615,1348,101,518,669.0,1
1958,CLE,77,76,694,635,1340,161,494,819.0,1
1958,DET,77,77,659,606,1384,109,463,678.0,0
1958,KC1,73,81,642,713,1297,138,452,747.0,0
1958,NYA,92,62,759,577,1418,164,537,822.0,1
1958,WS1,61,93,553,747,1240,121,477,751.0,0
1958,CHN,72,82,709,725,1402,182,487,853.0,0
1958,CIN,76,78,695,621,1359,123,572,765.0,0
1958,LAN,71,83,668,761,1297,172,495,850.0,0
1958,ML1,92,62,675,541,1388,167,478,646.0,1
1958,PHI,69,85,664,762,1424,124,573,871.0,0
1958,PIT,84,70,662,607,1386,134,396,753.0,1
1958,SFN,80,74,727,698,1399,170,531,817.0,1
1958,SLN,72,82,619,704,1371,111,533,637.0,0
1959,BAL,74,80,551,621,1240,109,536,690.0,0
1959,BOS,75,79,726,696,1335,125,626,810.0,0
1959,CHA,94,60,669,588,1325,97,580,634.0,1
1959,CLE,89,65,745,646,1390,167,433,721.0,1
1959,DET,76,78,713,732,1346,160,580,737.0,0
1959,KC1,66,88,681,760,1383,117,481,780.0,0
1959,NYA,79,75,687,647,1397,153,457,828.0,1
1959,WS1,63,91,619,701,1205,163,517,881.0,0
1959,CHN,74,80,673,688,1321,163,498,911.0,0
1959,CIN,74,80,764,738,1448,161,499,763.0,0
1959,LAN,88,68,705,670,1360,148,591,891.0,1
1959,ML1,86,70,724,623,1426,177,488,765.0,1
1959,PHI,64,90,599,725,1237,113,498,858.0,0
1959,PIT,78,76,651,680,1414,112,442,715.0,1
1959,SFN,83,71,705,613,1377,167,473,875.0,1
1959,SLN,71,83,641,725,1432,118,485,747.0,0
1960,BAL,89,65,682,606,1307,123,596,801.0,1
1960,BOS,65,89,658,775,1359,124,570,798.0,0
1960,CHA,87,67,741,617,1402,112,567,648.0,1
1960,CLE,76,78,667,693,1415,127,444,573.0,0
1960,DET,71,83,633,644,1243,150,636,728.0,0
1960,KC1,58,96,615,756,1303,110,513,744.0,0
1960,NYA,97,57,746,627,1377,193,537,818.0,1
1960,WS1,73,81,672,696,1283,147,584,883.0,0
1960,CHN,60,94,634,776,1293,119,531,897.0,0
1960,CIN,67,87,640,692,1324,140,512,858.0,0
1960,LAN,82,72,662,593,1333,126,529,837.0,1
1960,ML1,88,66,724,658,1393,170,463,793.0,1
1960,PHI,59,95,546,691,1235,99,448,1054.0,0
1960,PIT,95,59,734,593,1493,120,486,747.0,1
1960,SFN,79,75,671,631,1357,130,467,846.0,1
1960,SLN,86,68,639,616,1317,138,501,792.0,1
1961,BAL,95,67,691,588,1393,149,581,902.0,1
1961,BOS,76,86,729,792,1401,112,647,847.0,0
1961,CHA,86,76,765,726,1475,138,550,612.0,1
1961,CLE,78,83,737,752,1493,150,492,720.0,0
1961,DET,101,61,841,671,1481,180,673,867.0,1
1961,KC1,61,100,683,863,1342,90,580,772.0,0
1961,LAA,70,91,744,784,1331,189,681,1068.0,0
1961,MIN,70,90,707,778,1353,167,597,840.0,0
1961,NYA,109,53,827,612,1461,240,543,785.0,1
1961,WS2,61,100,618,776,1307,119,558,917.0,0
1961,CHN,64,90,689,800,1364,176,539,1027.0,0
1961,CIN,93,61,710,653,1414,158,423,761.0,1
1961,LAN,89,65,735,697,1358,157,596,796.0,1
1961,ML1,83,71,712,656,1365,188,534,880.0,1
1961,PHI,47,107,584,796,1265,103,475,928.0,0
1961,PIT,75,79,694,675,1448,128,428,721.0,0
1961,SFN,85,69,773,655,1379,183,506,764.0,1
1961,SLN,80,74,703,668,1436,103,494,745.0,1
1962,BAL,77,85,652,680,1363,156,516,931.0,0
1962,BOS,76,84,707,756,1429,146,525,923.0,0
1962,CHA,85,77,707,658,1415,92,620,674.0,1
1962,CLE,80,82,682,745,1341,180,502,939.0,0
1962,DET,85,76,758,692,1352,209,651,894.0,1
1962,KC1,72,90,745,837,1467,116,556,803.0,0
1962,LAA,86,76,718,706,1377,137,602,917.0,1
1962,MIN,91,71,798,713,1445,185,649,823.0,1
1962,NYA,96,66,817,680,1509,199,584,842.0,1
1962,WS2,60,101,599,716,1370,132,466,789.0,0
1962,CHN,59,103,632,827,1398,126,504,1044.0,0
1962,CIN,98,64,802,685,1523,167,498,903.0,1
1962,HOU,64,96,592,717,1370,105,493,806.0,0
1962,LAN,102,63,842,697,1510,140,572,886.0,1
1962,ML1,86,76,730,665,1376,181,581,975.0,1
1962,NYN,40,120,617,948,1318,139,616,991.0,0
1962,PHI,81,80,705,759,1410,142,531,923.0,1
1962,PIT,93,68,706,626,1468,108,432,836.0,1
1962,SFN,103,62,878,690,1552,204,523,822.0,1
1962,SLN,84,78,774,664,1528,137,515,846.0,1
1963,BAL,86,76,644,621,1359,146,469,940.0,1
1963,BOS,76,85,666,704,1403,171,475,954.0,0
1963,CHA,94,68,683,544,1379,114,571,896.0,1
1963,CLE,79,83,635,702,1314,169,469,1102.0,0
1963,DET,79,83,700,703,1388,148,592,908.0,0
1963,KC1,73,89,615,704,1356,95,529,829.0,0
1963,LAA,70,91,597,660,1378,95,448,916.0,0
1963,MIN,91,70,767,602,1408,225,547,912.0,1
1963,NYA,104,57,714,547,1387,188,434,808.0,1
1963,WS2,56,106,578,812,1237,138,497,963.0,0
1963,CHN,82,80,570,578,1286,127,439,1049.0,1
1963,CIN,86,76,648,594,1333,122,474,960.0,1
1963,HOU,66,96,464,640,1184,62,456,938.0,0
1963,LAN,99,63,640,550,1361,110,453,867.0,1
1963,ML1,84,78,677,603,1345,139,525,954.0,1
1963,NYN,51,111,501,774,1168,96,457,1078.0,0
1963,PHI,87,75,642,578,1390,126,403,955.0,1
1963,PIT,74,88,567,595,1385,108,454,940.0,0
1963,SFN,88,74,725,641,1442,197,441,889.0,1
1963,SLN,93,69,747,628,1540,128,458,915.0,1
1964,BAL,97,65,679,567,1357,162,537,1019.0,1
1964,BOS,72,90,688,793,1425,186,504,917.0,0
1964,CHA,98,64,642,501,1356,106,562,902.0,1
1964,CLE,79,83,689,693,1386,164,500,1063.0,0
1964,DET,85,77,699,678,1394,157,517,912.0,1
1964,KC1,57,105,621,836,1321,166,548,1104.0,0
1964,LAA,82,80,544,551,1297,102,472,920.0,1
1964,MIN,79,83,737,678,1413,221,553,1019.0,0
1964,NYA,99,63,730,577,1442,162,520,976.0,1
1964,WS2,62,100,578,733,1246,125,514,1124.0,0
1964,CHN,76,86,649,724,1391,145,499,1041.0,0
1964,CIN,92,70,660,566,1383,130,457,974.0,1
1964,HOU,66,96,495,628,1214,70,381,872.0,0
1964,LAN,80,82,614,572,1375,79,438,893.0,0
1964,ML1,88,74,803,744,1522,159,486,825.0,1
1964,NYN,53,109,569,776,1372,103,353,932.0,0
1964,PHI,92,70,693,632,1415,130,440,924.0,1
1964,PIT,80,82,663,636,1469,121,408,970.0,0
1964,SFN,90,72,656,587,1360,165,505,900.0,1
1964,SLN,93,69,715,652,1531,109,427,925.0,1
1965,BAL,94,68,641,578,1299,125,529,907.0,1
1965,BOS,62,100,669,791,1378,165,607,964.0,0
1965,CAL,75,87,527,569,1279,92,443,973.0,0
1965,CHA,95,67,647,555,1354,125,533,916.0,1
1965,CLE,87,75,663,613,1367,156,506,857.0,1
1965,DET,89,73,680,602,1278,162,554,952.0,1
1965,KC1,59,103,585,755,1294,110,521,1020.0,0
1965,MIN,102,60,774,600,1396,150,554,969.0,1
1965,NYA,77,85,611,604,1286,149,489,951.0,0
1965,WS2,70,92,591,721,1227,136,570,1125.0,0
1965,CHN,72,90,635,723,1316,134,532,948.0,0
1965,CIN,89,73,825,704,1544,183,538,1003.0,1
1965,HOU,65,97,569,711,1299,97,502,877.0,0
1965,LAN,97,65,608,521,1329,78,492,891.0,1
1965,ML1,86,76,708,633,1419,196,408,976.0,1
1965,NYN,50,112,495,752,1202,107,392,1129.0,0
1965,PHI,85,76,654,667,1380,144,494,1091.0,1
1965,PIT,90,72,675,580,1506,111,419,1008.0,1
1965,SFN,95,67,682,593,1384,159,476,844.0,1
1965,SLN,80,81,707,674,1415,109,477,882.0,0
1966,BAL,97,63,755,601,1426,175,514,926.0,1
1966,BOS,72,90,655,731,1318,145,542,1020.0,0
1966,CAL,80,82,604,643,1244,122,525,1062.0,0
1966,CHA,83,79,574,517,1235,87,476,872.0,1
1966,CLE,81,81,574,586,1300,155,450,914.0,0
1966,DET,88,74,719,698,1383,179,551,987.0,1
1966,KC1,74,86,564,648,1259,70,421,982.0,0
1966,MIN,89,73,663,581,1341,144,513,844.0,1
1966,NYA,70,89,611,612,1254,162,485,817.0,0
1966,WS2,71,88,557,659,1245,126,450,1069.0,0
1966,ATL,85,77,782,683,1476,207,512,913.0,1
1966,CHN,59,103,644,809,1418,140,457,998.0,0
1966,CIN,76,84,692,702,1434,149,394,877.0,0
1966,HOU,72,90,612,695,1405,112,491,885.0,0
1966,LAN,95,67,606,490,1399,108,430,830.0,1
1966,NYN,66,95,587,761,1286,98,446,992.0,0
1966,PHI,87,75,696,640,1448,117,510,969.0,1
1966,PIT,92,70,759,641,1586,158,405,1011.0,1
1966,SFN,93,68,675,626,1373,181,414,860.0,1
1966,SLN,83,79,571,577,1377,108,345,977.0,1
1967,BAL,76,85,654,592,1312,138,531,1002.0,0
1967,BOS,92,70,722,614,1394,158,522,1020.0,1
1967,CAL,84,77,567,587,1265,114,453,1021.0,1
1967,CHA,89,73,531,491,1209,89,480,849.0,1
1967,CLE,75,87,559,613,1282,131,413,984.0,0
1967,DET,91,71,683,587,1315,152,626,994.0,1
1967,KC1,62,99,533,660,1244,69,452,1019.0,0
1967,MIN,91,71,671,590,1309,131,512,976.0,1
1967,NYA,72,90,522,621,1225,100,532,1043.0,0
1967,WS2,76,85,550,637,1211,115,472,1037.0,0
1967,ATL,77,85,631,640,1307,158,512,947.0,0
1967,CHN,87,74,702,624,1373,128,509,912.0,1
1967,CIN,87,75,604,563,1366,109,372,969.0,1
1967,HOU,69,93,626,742,1372,93,537,934.0,0
1967,LAN,73,89,519,595,1285,82,485,881.0,0
1967,NYN,61,101,498,672,1288,83,362,981.0,0
1967,PHI,82,80,612,581,1306,103,545,1033.0,1
1967,PIT,81,81,679,693,1585,91,387,914.0,0
1967,SFN,91,71,652,551,1354,140,520,978.0,1
1967,SLN,101,60,695,557,1462,115,443,919.0,1
1968,BAL,91,71,579,497,1187,133,570,1019.0,1
1968,BOS,86,76,614,611,1253,125,582,974.0,1
1968,CAL,67,95,498,615,1209,83,447,1080.0,0
1968,CHA,67,95,463,527,1233,71,397,840.0,0
1968,CLE,86,75,516,504,1266,75,427,858.0,1
1968,DET,103,59,671,492,1292,185,521,964.0,1
1968,MIN,79,83,562,546,1274,105,445,966.0,0
1968,NYA,83,79,536,531,1137,109,566,958.0,1
1968,OAK,82,80,569,544,1300,94,472,1022.0,1
1968,WS2,65,96,524,665,1208,124,454,960.0,0
1968,ATL,81,81,514,549,1399,80,414,782.0,0
1968,CHN,84,78,612,611,1319,130,415,854.0,1
1968,CIN,83,79,690,673,1573,106,379,938.0,1
1968,HOU,72,90,510,588,1233,66,479,988.0,0
1968,LAN,76,86,470,509,1234,67,439,980.0,0
1968,NYN,73,89,473,499,1252,81,379,1203.0,0
1968,PHI,76,86,543,615,1253,100,462,1003.0,0
1968,PIT,80,82,583,532,1404,80,422,953.0,0
1968,SFN,88,74,599,529,1301,108,508,904.0,1
1968,SLN,97,65,583,472,1383,73,378,897.0,1
1969,BAL,109,53,779,517,1465,175,634,806.0,1
1969,BOS,87,75,743,736,1381,197,658,923.0,1
1969,CAL,71,91,528,652,1221,88,516,929.0,0
1969,CHA,68,94,625,723,1346,112,552,844.0,0
1969,CLE,62,99,573,717,1272,119,535,906.0,0
1969,DET,90,72,701,601,1316,182,578,922.0,1
1969,KCA,69,93,586,688,1311,98,522,901.0,0
1969,MIN,97,65,790,618,1520,163,599,906.0,1
1969,NYA,80,81,562,587,1247,94,565,840.0,0
1969,OAK,88,74,740,678,1400,148,617,953.0,1
1969,SE1,64,98,639,799,1276,125,626,1015.0,0
1969,WS2,86,76,694,644,1365,148,630,900.0,1
1969,ATL,93,69,691,631,1411,141,485,665.0,1
1969,CHN,92,70,720,611,1400,142,559,928.0,1
1969,CIN,89,73,798,768,1558,171,474,1042.0,1
1969,HOU,81,81,676,668,1284,104,699,972.0,0
1969,LAN,85,77,645,561,1405,97,484,823.0,1
1969,MON,52,110,582,791,1300,125,529,962.0,0
1969,NYN,100,62,632,541,1311,109,527,1089.0,1
1969,PHI,63,99,645,745,1304,137,549,1130.0,0
1969,PIT,88,74,725,652,1557,119,454,944.0,1
1969,SDN,52,110,468,746,1203,99,423,1143.0,0
1969,SFN,90,72,713,636,1325,136,711,1054.0,1
1969,SLN,87,75,595,540,1403,90,503,876.0,1
1970,BAL,108,54,792,574,1424,179,717,952.0,1
1970,BOS,87,75,786,722,1450,203,594,855.0,1
1970,CAL,86,76,631,630,1391,114,447,922.0,1
1970,CHA,56,106,633,822,1394,123,477,872.0,0
1970,CLE,76,86,649,675,1358,183,503,909.0,0
1970,DET,79,83,666,731,1282,148,656,825.0,0
1970,KCA,65,97,611,705,1341,97,514,958.0,0
1970,MIN,98,64,744,605,1438,153,501,905.0,1
1970,ML4,65,97,613,751,1305,126,592,985.0,0
1970,NYA,93,69,680,612,1381,111,588,808.0,1
1970,OAK,89,73,678,593,1338,171,584,977.0,1
1970,WS2,70,92,626,689,1302,138,635,989.0,0
1970,ATL,76,86,736,772,1495,160,522,736.0,0
1970,CHN,84,78,806,679,1424,179,607,844.0,1
1970,CIN,102,60,775,681,1498,191,547,984.0,1
1970,HOU,79,83,744,763,1446,129,598,911.0,0
1970,LAN,87,74,749,684,1515,87,541,841.0,1
1970,MON,73,89,687,807,1284,136,659,972.0,0
1970,NYN,83,79,695,630,1358,120,684,1062.0,1
1970,PHI,73,88,594,730,1299,101,519,1066.0,0
1970,PIT,89,73,729,664,1522,130,444,871.0,1
1970,SDN,63,99,681,788,1353,172,500,1164.0,0
1970,SFN,86,76,831,826,1460,165,729,1005.0,1
1970,SLN,76,86,744,747,1497,113,569,961.0,0
1971,BAL,101,57,742,530,1382,158,672,844.0,1
1971,BOS,85,77,691,667,1360,161,552,871.0,1
1971,CAL,76,86,511,576,1271,96,441,827.0,0
1971,CHA,79,83,617,597,1346,138,562,870.0,0
1971,CLE,60,102,543,747,1303,109,467,868.0,0
1971,DET,91,71,701,645,1399,179,540,854.0,1
1971,KCA,85,76,603,566,1323,80,490,819.0,1
1971,MIN,74,86,654,670,1406,116,512,846.0,0
1971,ML4,69,92,534,609,1188,104,543,924.0,0
1971,NYA,82,80,648,641,1377,97,581,717.0,1
1971,OAK,101,60,691,564,1383,160,542,1018.0,1
1971,WS2,63,96,537,660,1219,86,575,956.0,0
1971,ATL,82,80,643,699,1434,153,434,747.0,1
1971,CHN,83,79,637,648,1401,128,527,772.0,1
1971,CIN,79,83,586,581,1306,138,438,907.0,0
1971,HOU,79,83,585,567,1319,71,478,888.0,0
1971,LAN,89,73,663,587,1469,95,489,755.0,1
1971,MON,71,90,622,729,1312,88,543,800.0,0
1971,NYN,83,79,588,550,1365,98,547,958.0,1
1971,PHI,67,95,558,688,1289,123,499,1031.0,0
1971,PIT,97,65,788,599,1555,154,469,919.0,1
1971,SDN,61,100,486,610,1250,96,438,966.0,0
1971,SFN,90,72,706,644,1348,140,654,1042.0,1
1971,SLN,90,72,739,699,1542,95,543,757.0,1
1972,BAL,80,74,519,430,1153,100,507,935.0,1
1972,BOS,85,70,640,620,1289,124,522,858.0,1
1972,CAL,75,80,454,533,1249,78,358,850.0,0
1972,CHA,87,67,566,538,1208,108,511,991.0,1
1972,CLE,72,84,472,519,1220,91,420,762.0,0
1972,DET,86,70,558,514,1206,122,483,793.0,1
1972,KCA,76,78,580,545,1317,78,534,711.0,0
1972,MIN,77,77,537,535,1277,93,478,905.0,0
1972,ML4,65,91,493,595,1204,88,472,868.0,0
1972,NYA,79,76,557,527,1288,103,491,689.0,1
1972,OAK,93,62,604,457,1248,134,463,886.0,1
1972,TEX,54,100,461,628,1092,56,503,926.0,0
1972,ATL,70,84,628,730,1363,144,532,770.0,0
1972,CHN,85,70,685,567,1346,133,565,815.0,1
1972,CIN,95,59,707,557,1317,124,606,914.0,1
1972,HOU,84,69,708,636,1359,134,524,907.0,1
1972,LAN,85,70,584,527,1349,98,480,786.0,1
1972,MON,70,86,513,609,1205,91,474,828.0,0
1972,NYN,83,73,528,578,1154,105,589,990.0,1
1972,PHI,59,97,503,635,1240,98,487,930.0,0
1972,PIT,96,59,691,512,1505,110,404,871.0,1
1972,SDN,58,95,488,665,1181,102,407,976.0,0
1972,SFN,69,86,662,649,1281,150,480,964.0,0
1972,SLN,75,81,568,600,1383,70,437,793.0,0
1973,BAL,97,65,754,561,1474,119,648,752.0,1
1973,BOS,89,73,738,647,1472,147,581,799.0,1
1973,CAL,79,83,629,657,1395,93,509,816.0,0
1973,CHA,77,85,652,705,1400,111,537,952.0,0
1973,CLE,71,91,680,826,1429,158,471,793.0,0
1973,DET,85,77,642,674,1400,157,509,722.0,1
1973,KCA,88,74,755,752,1440,114,644,696.0,1
1973,MIN,81,81,738,692,1521,120,598,954.0,0
1973,ML4,74,88,708,731,1399,145,563,977.0,0
1973,NYA,80,82,641,610,1435,131,489,680.0,0
1973,OAK,94,68,758,615,1431,147,595,919.0,1
1973,TEX,57,105,619,844,1397,110,503,791.0,0
1973,ATL,76,85,799,774,1497,206,608,870.0,0
1973,CHN,77,84,614,655,1322,117,575,855.0,0
1973,CIN,99,63,741,621,1398,137,639,947.0,1
1973,HOU,82,80,681,672,1391,134,469,962.0,1
1973,LAN,95,66,675,565,1473,110,497,795.0,1
1973,MON,79,83,668,702,1345,125,695,777.0,0
1973,NYN,82,79,608,588,1345,85,540,805.0,1
1973,PHI,71,91,642,717,1381,134,476,979.0,0
1973,PIT,80,82,704,693,1465,154,432,842.0,0
1973,SDN,60,102,548,770,1330,112,401,966.0,0
1973,SFN,88,74,739,702,1452,161,590,913.0,1
1973,SLN,81,81,643,603,1418,75,531,796.0,0
1974,BAL,91,71,659,612,1418,116,509,770.0,1
1974,BOS,84,78,696,661,1449,109,569,811.0,1
1974,CAL,68,94,618,657,1372,95,509,801.0,0
1974,CHA,80,80,684,721,1492,135,519,858.0,0
1974,CLE,77,85,662,694,1395,131,432,756.0,0
1974,DET,72,90,620,768,1375,131,436,784.0,0
1974,KCA,77,85,667,662,1448,89,550,768.0,0
1974,MIN,82,80,673,669,1530,111,520,791.0,1
1974,ML4,76,86,647,660,1335,120,500,909.0,0
1974,NYA,89,73,671,623,1451,101,515,690.0,1
1974,OAK,90,72,689,551,1315,132,568,876.0,1
1974,TEX,84,76,690,698,1482,99,508,710.0,1
1974,ATL,88,74,661,563,1375,120,571,772.0,1
1974,CHN,66,96,669,826,1397,110,621,857.0,0
1974,CIN,98,64,776,631,1437,135,693,940.0,1
1974,HOU,81,81,653,632,1441,110,471,864.0,0
1974,LAN,102,60,798,561,1511,139,597,820.0,1
1974,MON,79,82,662,657,1355,86,652,812.0,0
1974,NYN,71,91,572,646,1286,96,597,735.0,0
1974,PHI,80,82,676,701,1434,95,469,822.0,0
1974,PIT,88,74,751,657,1560,114,514,828.0,1
1974,SDN,60,102,541,830,1239,99,564,900.0,0
1974,SFN,72,90,634,723,1380,93,548,869.0,0
1974,SLN,86,75,677,643,1492,83,531,752.0,1
1975,BAL,90,69,682,553,1382,124,580,834.0,1
1975,BOS,95,65,796,709,1500,134,565,741.0,1
1975,CAL,72,89,628,723,1324,55,593,811.0,0
1975,CHA,75,86,655,703,1400,94,611,800.0,0
1975,CLE,79,80,688,703,1409,153,525,667.0,0
1975,DET,57,102,570,786,1338,125,383,872.0,0
1975,KCA,91,71,710,649,1431,118,591,675.0,1
1975,MIN,76,83,724,736,1497,121,563,746.0,0
1975,ML4,68,94,675,792,1343,146,553,922.0,0
1975,NYA,83,77,681,588,1430,110,486,710.0,1
1975,OAK,98,64,758,606,1376,151,609,846.0,1
1975,TEX,79,83,714,733,1431,134,613,863.0,0
1975,ATL,67,94,583,739,1323,107,543,759.0,0
1975,CHN,75,87,712,827,1419,95,650,802.0,0
1975,CIN,108,54,840,586,1515,124,691,916.0,1
1975,HOU,64,97,664,711,1401,84,523,762.0,0
1975,LAN,88,74,648,534,1355,118,611,825.0,1
1975,MON,75,87,601,690,1346,98,579,954.0,0
1975,NYN,82,80,646,625,1430,101,501,805.0,1
1975,PHI,86,76,735,694,1506,125,610,960.0,1
1975,PIT,92,69,712,565,1444,138,468,832.0,1
1975,SDN,71,91,552,683,1324,78,506,754.0,0
1975,SFN,80,81,659,671,1412,84,604,775.0,0
1975,SLN,82,80,662,689,1527,81,444,649.0,1
1976,BAL,88,74,619,598,1326,119,519,883.0,1
1976,BOS,83,79,716,660,1448,134,500,832.0,1
1976,CAL,76,86,550,631,1265,63,534,812.0,0
1976,CHA,64,97,586,745,1410,73,471,739.0,0
1976,CLE,81,78,615,615,1423,85,479,631.0,1
1976,DET,74,87,609,709,1401,101,450,730.0,0
1976,KCA,90,72,713,611,1490,65,484,650.0,1
1976,MIN,85,77,743,704,1526,81,550,714.0,1
1976,ML4,66,95,570,655,1326,88,511,909.0,0
1976,NYA,97,62,730,575,1496,120,470,616.0,1
1976,OAK,87,74,686,598,1319,113,592,818.0,1
1976,TEX,76,86,616,652,1390,80,568,809.0,0
1976,ATL,70,92,620,700,1309,82,589,811.0,0
1976,CHN,75,87,611,728,1386,105,490,834.0,0
1976,CIN,102,60,857,633,1599,141,681,902.0,1
1976,HOU,80,82,625,657,1401,66,530,719.0,0
1976,LAN,92,70,608,543,1371,91,486,744.0,1
1976,MON,55,107,531,734,1275,94,433,841.0,0
1976,NYN,86,76,615,538,1334,102,561,797.0,1
1976,PHI,101,61,770,557,1505,110,542,793.0,1
1976,PIT,92,70,708,630,1499,110,433,807.0,1
1976,SDN,73,89,570,662,1327,64,488,716.0,0
1976,SFN,74,88,595,686,1340,85,518,778.0,0
1976,SLN,72,90,629,671,1432,63,512,860.0,0
1977,BAL,97,64,719,653,1433,148,560,945.0,1
1977,BOS,97,64,859,712,1551,213,528,905.0,1
1977,CAL,74,88,675,695,1380,131,542,880.0,0
1977,CHA,90,72,844,771,1568,192,559,666.0,1
1977,CLE,71,90,676,739,1476,100,531,688.0,0
1977,DET,74,88,714,751,1480,166,452,764.0,0
1977,KCA,102,60,822,651,1549,146,522,687.0,1
1977,MIN,84,77,867,776,1588,123,563,754.0,1
1977,ML4,67,95,639,765,1425,125,443,862.0,0
1977,NYA,100,62,831,651,1576,184,533,681.0,1
1977,OAK,63,98,605,749,1284,117,516,910.0,0
1977,SEA,64,98,624,855,1398,133,426,769.0,0
1977,TEX,94,68,767,657,1497,135,596,904.0,1
1977,TOR,54,107,605,822,1367,100,499,819.0,0
1977,ATL,61,101,678,895,1404,139,537,876.0,0
1977,CHN,81,81,692,739,1489,111,534,796.0,0
1977,CIN,88,74,802,725,1513,181,600,911.0,1
1977,HOU,81,81,680,650,1405,114,515,839.0,0
1977,LAN,98,64,769,582,1484,191,588,896.0,1
1977,MON,75,87,665,736,1474,138,478,877.0,0
1977,NYN,64,98,587,663,1319,88,529,887.0,0
1977,PHI,101,61,847,668,1548,186,573,806.0,1
1977,PIT,96,66,734,665,1550,133,474,878.0,1
1977,SDN,69,93,692,834,1397,120,602,1057.0,0
1977,SFN,75,87,673,711,1392,134,568,842.0,0
1977,SLN,83,79,737,688,1490,96,489,823.0,1
1978,BAL,90,71,659,633,1397,154,552,864.0,1
1978,BOS,99,64,796,657,1493,172,582,835.0,1
1978,CAL,87,75,691,666,1417,108,539,682.0,1
1978,CHA,71,90,634,731,1423,106,409,625.0,0
1978,CLE,69,90,639,694,1400,106,488,698.0,0
1978,DET,86,76,714,653,1520,129,563,695.0,1
1978,KCA,92,70,743,634,1469,98,498,644.0,1
1978,MIN,73,89,666,678,1472,82,604,684.0,0
1978,ML4,93,69,804,650,1530,173,520,805.0,1
1978,NYA,100,63,735,582,1489,125,505,695.0,1
1978,OAK,69,93,532,690,1304,100,433,800.0,0
1978,SEA,56,104,614,834,1327,97,522,702.0,0
1978,TEX,87,75,692,632,1353,132,624,779.0,1
1978,TOR,59,102,590,775,1358,98,448,645.0,0
1978,ATL,69,93,600,750,1313,123,550,874.0,0
1978,CHN,79,83,664,724,1461,72,562,746.0,0
1978,CIN,92,69,710,688,1378,136,636,899.0,1
1978,HOU,74,88,605,634,1408,70,434,743.0,0
1978,LAN,95,67,727,573,1435,149,610,818.0,1
1978,MON,76,86,633,611,1404,121,396,881.0,0
1978,NYN,66,96,607,690,1332,86,549,829.0,0
1978,PHI,90,72,708,586,1404,133,552,866.0,1
1978,PIT,88,73,684,637,1390,115,480,874.0,1
1978,SDN,84,78,591,598,1349,75,536,848.0,1
1978,SFN,89,73,613,594,1331,117,554,814.0,1
1978,SLN,69,93,600,657,1351,79,420,713.0,0
1979,BAL,102,57,757,582,1401,181,608,847.0,1
1979,BOS,91,69,841,711,1567,194,512,708.0,1
1979,CAL,88,74,866,768,1563,164,589,843.0,1
1979,CHA,73,87,730,748,1505,127,454,668.0,0
1979,CLE,81,80,760,805,1388,138,657,786.0,1
1979,DET,85,76,770,738,1446,164,575,814.0,1
1979,KCA,85,77,851,816,1596,116,528,675.0,1
1979,MIN,82,80,764,725,1544,112,526,693.0,1
1979,ML4,95,66,807,722,1552,185,549,745.0,1
1979,NYA,89,71,734,672,1443,150,509,590.0,1
1979,OAK,54,108,573,860,1276,108,482,751.0,0
1979,SEA,67,95,711,820,1490,132,515,725.0,0
1979,TEX,83,79,750,698,1549,140,461,607.0,1
1979,TOR,53,109,613,862,1362,95,448,663.0,0
1979,ATL,66,94,669,763,1389,126,490,818.0,0
1979,CHN,80,82,706,707,1494,135,478,762.0,0
1979,CIN,90,71,731,644,1445,132,614,902.0,1
1979,HOU,89,73,583,582,1382,49,461,745.0,1
1979,LAN,79,83,739,717,1443,183,556,834.0,0
1979,MON,95,65,701,581,1445,143,432,890.0,1
1979,NYN,63,99,593,706,1399,74,498,817.0,0
1979,PHI,84,78,683,718,1453,119,602,764.0,1
1979,PIT,98,64,775,643,1541,148,483,855.0,1
1979,SDN,68,93,603,681,1316,93,534,770.0,0
1979,SFN,71,91,672,751,1328,125,580,925.0,0
1979,SLN,86,76,731,693,1594,100,460,838.0,1
1980,BAL,100,62,805,640,1523,156,587,766.0,1
1980,BOS,83,77,757,767,1588,162,475,720.0,1
1980,CAL,65,95,698,797,1442,106,539,889.0,0
1980,CHA,70,90,587,722,1408,91,399,670.0,0
1980,CLE,79,81,738,807,1517,89,617,625.0,0
1980,DET,84,78,830,757,1543,143,645,844.0,1
1980,KCA,97,65,809,694,1633,115,508,709.0,1
1980,MIN,77,84,670,724,1468,99,436,703.0,0
1980,ML4,86,76,811,682,1555,203,455,745.0,1
1980,NYA,103,59,820,662,1484,189,643,739.0,1
1980,OAK,83,79,686,642,1424,137,506,824.0,1
1980,SEA,59,103,610,793,1359,104,483,727.0,0
1980,TEX,76,85,756,752,1616,124,480,589.0,0
1980,TOR,67,95,624,762,1398,126,448,813.0,0
1980,ATL,81,80,630,660,1352,144,434,899.0,1
1980,CHN,64,98,614,728,1411,107,471,912.0,0
1980,CIN,89,73,707,670,1445,113,537,852.0,1
1980,HOU,93,70,637,589,1455,75,540,755.0,1
1980,LAN,92,71,663,591,1462,148,492,846.0,1
1980,MON,90,72,694,629,1407,114,547,865.0,1
1980,NYN,67,95,611,702,1407,61,501,840.0,0
1980,PHI,91,71,728,639,1517,117,472,708.0,1
1980,PIT,83,79,666,646,1469,116,452,760.0,1
1980,SDN,73,89,591,654,1410,67,563,791.0,0
1980,SFN,75,86,573,634,1310,80,509,840.0,0
1980,SLN,74,88,738,710,1541,101,451,781.0,0
1981,BAL,59,46,429,437,883,88,404,454.0,1
1981,BOS,59,49,519,481,1052,90,378,520.0,1
1981,CAL,51,59,476,453,944,97,393,571.0,0
1981,CHA,54,52,476,423,982,76,322,518.0,1
1981,CLE,52,51,431,442,922,39,343,379.0,1
1981,DET,60,49,427,404,922,65,404,500.0,1
1981,KCA,50,53,397,405,952,61,301,419.0,0
1981,MIN,41,68,378,486,884,47,275,497.0,0
1981,ML4,62,47,493,459,961,96,300,461.0,1
1981,NYA,59,48,421,343,889,100,391,434.0,1
1981,OAK,64,45,458,403,910,104,342,647.0,1
1981,SEA,44,65,426,521,950,89,329,553.0,0
1981,TEX,57,48,452,389,968,49,295,396.0,1
1981,TOR,37,69,329,466,797,61,284,556.0,0
1981,ATL,50,56,395,416,886,64,321,540.0,0
1981,CHN,38,65,370,483,838,57,342,611.0,0
1981,CIN,66,42,464,440,972,64,375,553.0,1
1981,HOU,61,49,394,331,948,45,340,488.0,1
1981,LAN,63,47,450,356,984,82,331,550.0,1
1981,MON,60,48,443,394,883,81,368,498.0,1
1981,NYN,41,62,348,432,868,57,304,603.0,0
1981,PHI,59,48,491,472,1002,69,372,432.0,1
1981,PIT,46,56,407,425,920,55,278,494.0,0
1981,SDN,41,69,382,455,963,32,311,525.0,0
1981,SFN,56,55,427,414,941,63,386,543.0,1
1981,SLN,59,43,464,417,936,50,379,495.0,1
1982,BAL,94,68,774,687,1478,179,634,796.0,1
1982,BOS,89,73,753,713,1536,136,547,736.0,1
1982,CAL,93,69,814,670,1518,186,613,760.0,1
1982,CHA,87,75,786,710,1523,136,533,866.0,1
1982,CLE,78,84,683,748,1458,109,651,625.0,0
1982,DET,83,79,729,685,1489,177,470,807.0,1
1982,KCA,90,72,784,717,1603,132,442,758.0,1
1982,MIN,60,102,657,819,1427,148,474,887.0,0
1982,ML4,95,67,891,717,1599,216,484,714.0,1
1982,NYA,79,83,709,716,1417,161,590,719.0,0
1982,OAK,68,94,691,819,1286,149,582,948.0,0
1982,SEA,76,86,651,712,1431,130,456,806.0,0
1982,TEX,64,98,590,749,1354,115,447,750.0,0
1982,TOR,78,84,651,701,1447,106,415,749.0,0
1982,ATL,89,73,739,702,1411,146,554,869.0,1
1982,CHN,73,89,676,709,1436,102,460,869.0,0
1982,CIN,61,101,545,661,1375,82,470,817.0,0
1982,HOU,77,85,569,620,1342,74,435,830.0,0
1982,LAN,88,74,691,612,1487,138,528,804.0,1
1982,MON,86,76,697,616,1454,133,503,816.0,1
1982,NYN,65,97,609,723,1361,97,456,1005.0,0
1982,PHI,89,73,664,654,1417,112,506,831.0,1
1982,PIT,84,78,724,696,1535,134,447,862.0,1
1982,SDN,81,81,675,658,1435,81,429,877.0,0
1982,SFN,87,75,673,687,1393,133,607,915.0,1
1982,SLN,92,70,685,609,1439,67,569,805.0,1
1983,BAL,98,64,799,652,1492,168,601,800.0,1
1983,BOS,78,84,724,775,1512,142,536,758.0,0
1983,CAL,70,92,722,779,1467,154,509,835.0,0
1983,CHA,99,63,800,650,1439,157,527,888.0,1
1983,CLE,70,92,704,785,1451,86,605,691.0,0
1983,DET,92,70,789,679,1530,156,508,831.0,1
1983,KCA,79,83,696,767,1515,109,397,722.0,0
1983,MIN,70,92,709,822,1463,141,467,802.0,0
1983,ML4,87,75,764,708,1556,132,475,665.0,1
1983,NYA,91,71,770,703,1535,153,533,686.0,1
1983,OAK,74,88,708,782,1447,121,524,872.0,0
1983,SEA,60,102,558,740,1280,111,460,840.0,0
1983,TEX,77,85,639,609,1429,106,442,767.0,0
1983,TOR,89,73,795,726,1546,167,510,810.0,1
1983,ATL,88,74,746,640,1489,130,582,847.0,1
1983,CHN,71,91,701,719,1436,140,470,868.0,0
1983,CIN,74,88,623,710,1274,107,588,1006.0,0
1983,HOU,85,77,643,646,1412,97,517,869.0,1
1983,LAN,91,71,654,609,1358,146,541,925.0,1
1983,MON,82,80,677,646,1482,102,509,733.0,1
1983,NYN,68,94,575,680,1314,112,436,1031.0,0
1983,PHI,90,72,696,635,1352,125,640,906.0,1
1983,PIT,84,78,659,648,1460,121,497,873.0,1
1983,SDN,81,81,653,653,1384,93,482,822.0,0
1983,SFN,79,83,687,697,1324,142,619,990.0,0
1983,SLN,79,83,679,710,1496,83,543,879.0,0
1984,BAL,85,77,681,667,1374,160,620,884.0,1
1984,BOS,86,76,810,764,1598,181,500,842.0,1
1984,CAL,81,81,696,697,1363,150,556,928.0,0
1984,CHA,74,88,679,736,1360,172,523,883.0,0
1984,CLE,75,87,761,766,1498,123,600,815.0,0
1984,DET,104,58,829,643,1529,187,602,941.0,1
1984,KCA,84,78,673,686,1487,117,400,832.0,1
1984,MIN,81,81,673,675,1473,114,437,735.0,0
1984,ML4,67,94,641,734,1446,96,432,673.0,0
1984,NYA,87,75,758,679,1560,130,534,673.0,1
1984,OAK,77,85,738,796,1415,158,568,871.0,0
1984,SEA,74,88,682,774,1429,129,519,871.0,0
1984,TEX,69,92,656,714,1452,120,420,807.0,0
1984,TOR,89,73,750,696,1555,143,460,816.0,1
1984,ATL,80,82,632,655,1338,111,555,896.0,0
1984,CHN,96,65,762,658,1415,136,567,967.0,1
1984,CIN,70,92,627,747,1342,106,566,978.0,0
1984,HOU,80,82,693,630,1465,79,494,837.0,0
1984,LAN,79,83,580,600,1316,102,488,829.0,0
1984,MON,78,83,593,585,1367,96,470,782.0,0
1984,NYN,90,72,652,676,1400,107,500,1001.0,1
1984,PHI,81,81,720,690,1494,147,555,1084.0,0
1984,PIT,75,87,615,567,1412,98,438,841.0,0
1984,SDN,92,70,686,634,1425,109,472,810.0,1
1984,SFN,66,96,682,807,1499,112,528,980.0,0
1984,SLN,84,78,652,645,1369,75,516,924.0,1
1985,BAL,83,78,818,764,1451,214,604,908.0,1
1985,BOS,81,81,800,720,1615,162,562,816.0,0
1985,CAL,90,72,732,703,1364,153,648,902.0,1
1985,CHA,85,77,736,720,1386,146,471,843.0,1
1985,CLE,60,102,729,861,1465,116,492,817.0,0
1985,DET,84,77,729,688,1413,202,526,926.0,1
1985,KCA,91,71,687,639,1384,154,473,840.0,1
1985,MIN,77,85,705,782,1453,141,502,779.0,0
1985,ML4,71,90,690,802,1467,101,462,746.0,0
1985,NYA,97,64,839,660,1458,176,620,771.0,1
1985,OAK,77,85,757,787,1475,155,508,861.0,0
1985,SEA,74,88,719,818,1410,171,564,942.0,0
1985,TEX,62,99,617,785,1359,129,530,819.0,0
1985,TOR,99,62,759,588,1482,158,503,807.0,1
1985,ATL,66,96,632,781,1359,126,553,849.0,0
1985,CHN,77,84,686,729,1397,150,562,937.0,0
1985,CIN,89,72,677,666,1385,114,576,856.0,1
1985,HOU,83,79,706,691,1457,121,477,873.0,1
1985,LAN,95,67,682,579,1434,129,539,846.0,1
1985,MON,84,77,633,636,1342,118,492,880.0,1
1985,NYN,98,64,695,568,1425,134,546,872.0,1
1985,PHI,75,87,667,673,1343,141,527,1095.0,0
1985,PIT,57,104,568,708,1340,80,514,842.0,0
1985,SDN,83,79,650,622,1405,109,513,809.0,1
1985,SFN,62,100,556,674,1263,115,488,962.0,0
1985,SLN,101,61,747,572,1446,87,586,853.0,1
1986,BAL,73,89,708,760,1425,169,563,862.0,0
1986,BOS,95,66,794,696,1488,144,595,707.0,1
1986,CAL,92,70,786,684,1387,167,671,860.0,1
1986,CHA,72,90,644,699,1335,121,487,940.0,0
1986,CLE,84,78,831,841,1620,157,456,944.0,1
1986,DET,87,75,798,714,1447,198,613,885.0,1
1986,KCA,76,86,654,673,1403,137,474,919.0,0
1986,MIN,71,91,741,839,1446,196,501,977.0,0
1986,ML4,77,84,667,734,1393,127,530,986.0,0
1986,NYA,90,72,797,738,1512,188,645,911.0,1
1986,OAK,76,86,731,760,1370,163,553,983.0,0
1986,SEA,67,95,718,835,1392,158,572,1148.0,0
1986,TEX,87,75,771,743,1479,184,511,1088.0,1
1986,TOR,86,76,809,733,1540,181,496,848.0,1
1986,ATL,72,89,615,719,1348,138,538,904.0,0
1986,CHN,70,90,680,781,1409,155,508,966.0,0
1986,CIN,86,76,732,717,1404,144,586,920.0,1
1986,HOU,96,66,654,569,1388,125,536,916.0,1
1986,LAN,73,89,638,679,1373,130,478,966.0,0
1986,MON,78,83,637,688,1401,110,537,1016.0,0
1986,NYN,108,54,783,578,1462,148,631,968.0,1
1986,PHI,86,75,739,713,1386,154,589,1154.0,1
1986,PIT,64,98,663,700,1366,111,569,929.0,0
1986,SDN,74,88,656,723,1442,136,484,917.0,0
1986,SFN,83,79,698,618,1394,114,536,1087.0,1
1986,SLN,79,82,601,611,1270,58,568,905.0,0
1987,BAL,67,95,729,880,1437,211,524,939.0,0
1987,BOS,78,84,842,825,1554,174,606,825.0,0
1987,CAL,75,87,770,803,1406,172,590,926.0,0
1987,CHA,77,85,748,746,1427,173,487,971.0,0
1987,CLE,61,101,742,957,1476,187,489,977.0,0
1987,DET,98,64,896,735,1535,225,653,913.0,1
1987,KCA,83,79,715,691,1443,168,523,1034.0,1
1987,MIN,85,77,786,806,1422,196,523,898.0,1
1987,ML4,91,71,862,817,1552,163,598,1040.0,1
1987,NYA,89,73,788,758,1445,196,604,949.0,1
1987,OAK,81,81,806,789,1432,199,593,1056.0,0
1987,SEA,78,84,760,801,1499,161,500,863.0,0
1987,TEX,75,87,823,849,1478,194,567,1081.0,0
1987,TOR,96,66,845,655,1514,215,555,970.0,1
1987,ATL,69,92,747,829,1401,152,641,834.0,0
1987,CHN,76,85,720,801,1475,209,504,1064.0,0
1987,CIN,84,78,783,752,1478,192,514,928.0,1
1987,HOU,76,86,648,678,1386,122,526,936.0,0
1987,LAN,73,89,635,675,1389,125,445,923.0,0
1987,MON,91,71,741,720,1467,120,501,918.0,1
1987,NYN,92,70,823,698,1499,192,592,1012.0,1
1987,PHI,80,82,702,749,1390,169,587,1109.0,0
1987,PIT,80,82,723,744,1464,131,535,914.0,0
1987,SDN,65,97,668,763,1419,113,577,992.0,0
1987,SFN,90,72,783,669,1458,205,511,1094.0,1
1987,SLN,95,67,798,693,1449,94,644,933.0,1
1988,BAL,54,107,550,789,1275,137,504,869.0,0
1988,BOS,89,73,813,689,1569,124,623,728.0,1
1988,CAL,75,87,714,771,1458,124,469,819.0,0
1988,CHA,71,90,631,757,1327,132,446,908.0,0
1988,CLE,78,84,666,731,1435,134,416,866.0,0
1988,DET,88,74,703,658,1358,143,588,841.0,1
1988,KCA,84,77,704,648,1419,121,486,944.0,1
1988,MIN,91,71,759,672,1508,151,528,832.0,1
1988,ML4,87,75,682,616,1409,113,439,911.0,1
1988,NYA,85,76,772,748,1469,148,588,935.0,1
1988,OAK,104,58,800,620,1474,156,580,926.0,1
1988,SEA,68,93,664,744,1397,148,461,787.0,0
1988,TEX,70,91,637,735,1378,112,542,1022.0,0
1988,TOR,87,75,763,680,1491,158,521,935.0,1
1988,ATL,54,106,555,741,1319,96,432,848.0,0
1988,CHN,77,85,660,694,1481,113,403,910.0,0
1988,CIN,87,74,641,596,1334,122,479,922.0,1
1988,HOU,82,80,617,631,1338,96,474,840.0,1
1988,LAN,94,67,628,544,1346,99,437,947.0,1
1988,MON,81,81,628,592,1400,107,454,1053.0,0
1988,NYN,100,60,703,532,1387,152,544,842.0,1
1988,PHI,65,96,597,734,1294,106,489,981.0,0
1988,PIT,85,75,651,616,1327,110,553,947.0,1
1988,SDN,83,78,594,583,1325,94,494,892.0,1
1988,SFN,83,79,670,626,1353,113,550,1023.0,1
1988,SLN,76,86,578,633,1373,71,484,827.0,0
1989,BAL,87,75,708,686,1369,129,593,957.0,1
1989,BOS,83,79,774,735,1571,108,643,755.0,1
1989,CAL,91,71,669,578,1422,145,429,1011.0,1
1989,CHA,69,92,693,750,1493,94,464,873.0,0
1989,CLE,73,89,604,654,1340,127,499,934.0,0
1989,DET,59,103,617,816,1315,116,585,899.0,0
1989,KCA,92,70,690,635,1428,101,554,897.0,1
1989,MIN,80,82,740,738,1542,117,478,743.0,0
1989,ML4,81,81,707,679,1415,126,455,791.0,0
1989,NYA,74,87,698,792,1470,130,502,831.0,0
1989,OAK,99,63,712,576,1414,127,562,855.0,1
1989,SEA,73,89,694,728,1417,134,489,838.0,0
1989,TEX,83,79,695,714,1433,122,503,989.0,1
1989,TOR,89,73,731,651,1449,142,521,923.0,1
1989,ATL,63,97,584,680,1281,128,485,996.0,0
1989,CHN,93,69,702,623,1438,124,472,921.0,1
1989,CIN,75,87,632,691,1362,128,493,1028.0,0
1989,HOU,86,76,647,669,1316,97,530,860.0,1
1989,LAN,77,83,554,536,1313,89,507,885.0,0
1989,MON,81,81,632,630,1353,100,572,958.0,0
1989,NYN,87,75,683,595,1351,147,504,934.0,1
1989,PHI,67,95,629,735,1324,123,558,926.0,0
1989,PIT,74,88,637,680,1334,95,563,914.0,0
1989,SDN,89,73,642,626,1360,120,552,1013.0,1
1989,SFN,92,70,699,600,1365,141,508,1071.0,1
1989,SLN,86,76,632,608,1418,73,507,848.0,1
1990,BAL,76,85,669,698,1328,132,660,962.0,0
1990,BOS,88,74,699,664,1502,106,598,795.0,1
1990,CAL,80,82,690,706,1448,147,566,1000.0,0
1990,CHA,94,68,682,633,1393,106,478,903.0,1
1990,CLE,77,85,732,737,1465,110,458,836.0,0
1990,DET,79,83,750,754,1418,172,634,952.0,0
1990,KCA,75,86,707,709,1465,100,498,879.0,0
1990,MIN,74,88,666,729,1458,100,445,749.0,0
1990,ML4,74,88,732,760,1408,128,519,821.0,0
1990,NYA,67,95,603,749,1322,147,427,1027.0,0
1990,OAK,103,59,733,570,1379,164,651,992.0,1
1990,SEA,77,85,640,680,1419,107,596,749.0,0
1990,TEX,83,79,676,696,1416,110,575,1054.0,1
1990,TOR,86,76,767,661,1479,167,526,970.0,1
1990,ATL,65,97,682,821,1376,162,473,1010.0,0
1990,CHN,77,85,690,774,1474,136,406,869.0,0
1990,CIN,91,71,693,597,1466,125,466,913.0,1
1990,HOU,75,87,573,656,1301,94,548,997.0,0
1990,LAN,86,76,728,685,1436,129,538,952.0,1
1990,MON,85,77,662,598,1363,114,576,1024.0,1
1990,NYN,91,71,775,613,1410,172,536,851.0,1
1990,PHI,77,85,646,729,1410,103,582,915.0,0
1990,PIT,95,67,733,619,1395,138,582,914.0,1
1990,SDN,75,87,673,673,1429,123,509,902.0,0
1990,SFN,85,77,719,710,1459,152,488,973.0,1
1990,SLN,70,92,599,698,1398,73,517,844.0,0
1991,BAL,67,95,686,796,1421,170,528,974.0,0
1991,BOS,84,78,731,712,1486,126,593,820.0,1
1991,CAL,81,81,653,649,1396,115,448,928.0,0
1991,CHA,87,75,758,681,1464,139,610,896.0,1
1991,CLE,57,105,576,759,1390,79,449,888.0,0
1991,DET,84,78,817,794,1372,209,699,1185.0,1
1991,KCA,82,80,727,722,1475,117,523,969.0,1
1991,MIN,95,67,776,652,1557,140,526,747.0,1
1991,ML4,83,79,799,744,1523,116,556,802.0,1
1991,NYA,71,91,674,777,1418,147,473,861.0,0
1991,OAK,84,78,760,776,1342,159,642,981.0,1
1991,SEA,83,79,702,674,1400,126,588,811.0,1
1991,TEX,85,77,829,814,1539,177,596,1039.0,1
1991,TOR,91,71,684,622,1412,133,499,1043.0,1
1991,ATL,94,68,749,644,1407,141,563,906.0,1
1991,CHN,77,83,695,734,1395,159,442,879.0,0
1991,CIN,74,88,689,691,1419,164,488,1006.0,0
1991,HOU,65,97,605,717,1345,79,502,1027.0,0
1991,LAN,93,69,665,565,1366,108,583,957.0,1
1991,MON,71,90,579,655,1329,95,484,1056.0,0
1991,NYN,77,84,640,646,1305,117,578,789.0,0
1991,PHI,78,84,629,680,1332,111,490,1026.0,0
1991,PIT,98,64,768,632,1433,126,620,901.0,1
1991,SDN,84,78,636,646,1321,121,501,1069.0,1
1991,SFN,75,87,649,697,1345,141,471,973.0,0
1991,SLN,84,78,651,648,1366,68,532,857.0,1
1992,BAL,89,73,705,656,1423,148,647,827.0,1
1992,BOS,73,89,599,669,1343,84,591,865.0,0
1992,CAL,72,90,579,671,1306,88,416,882.0,0
1992,CHA,86,76,738,690,1434,110,622,784.0,1
1992,CLE,76,86,674,746,1495,127,448,885.0,0
1992,DET,75,87,791,794,1411,182,675,1055.0,0
1992,KCA,72,90,610,667,1411,75,439,741.0,0
1992,MIN,90,72,747,653,1544,104,527,834.0,1
1992,ML4,92,70,740,604,1477,82,511,779.0,1
1992,NYA,76,86,733,746,1462,163,536,903.0,0
1992,OAK,96,66,745,672,1389,142,707,831.0,1
1992,SEA,64,98,679,799,1466,149,474,841.0,0
1992,TEX,77,85,682,753,1387,159,550,1036.0,0
1992,TOR,96,66,780,682,1458,163,561,933.0,1
1992,ATL,98,64,682,569,1391,138,493,924.0,1
1992,CHN,78,84,593,624,1420,104,417,816.0,0
1992,CIN,90,72,660,609,1418,99,563,888.0,1
1992,HOU,81,81,608,668,1350,96,506,1025.0,0
1992,LAN,63,99,548,636,1333,72,503,899.0,0
1992,MON,87,75,648,581,1381,102,463,976.0,1
1992,NYN,72,90,599,653,1254,93,572,956.0,0
1992,PHI,70,92,686,717,1392,118,509,1059.0,0
1992,PIT,96,66,693,595,1409,106,569,872.0,1
1992,SDN,82,80,617,636,1396,135,453,864.0,1
1992,SFN,72,90,574,647,1330,105,435,1067.0,0
1992,SLN,83,79,631,604,1464,94,495,996.0,1
1993,BAL,85,77,786,745,1470,157,655,930.0,1
1993,BOS,80,82,686,698,1451,114,508,871.0,0
1993,CAL,71,91,684,770,1399,114,564,930.0,0
1993,CHA,94,68,776,664,1454,162,604,834.0,1
1993,CLE,76,86,790,813,1547,141,488,843.0,0
1993,DET,85,77,899,837,1546,178,765,1122.0,1
1993,KCA,84,78,675,694,1455,125,428,936.0,1
1993,MIN,71,91,693,830,1480,121,493,850.0,0
1993,ML4,69,93,733,792,1426,125,555,932.0,0
1993,NYA,88,74,821,761,1568,178,629,910.0,1
1993,OAK,68,94,715,846,1408,158,622,1048.0,0
1993,SEA,82,80,734,731,1429,161,624,901.0,1
1993,TEX,86,76,835,751,1472,181,483,984.0,1
1993,TOR,95,67,847,742,1556,159,588,861.0,1
1993,ATL,104,58,767,559,1444,169,560,946.0,1
1993,CHN,84,78,738,739,1521,161,446,923.0,1
1993,CIN,73,89,722,785,1457,137,485,1025.0,0
1993,COL,67,95,758,967,1507,142,388,944.0,0
1993,FLO,64,98,581,724,1356,94,498,1054.0,0
1993,HOU,85,77,716,630,1459,138,497,911.0,1
1993,LAN,81,81,675,662,1458,130,492,937.0,0
1993,MON,94,68,732,682,1410,122,542,860.0,1
1993,NYN,59,103,672,744,1350,158,448,879.0,0
1993,PHI,97,65,877,740,1555,156,665,1049.0,1
1993,PIT,75,87,707,806,1482,110,536,972.0,0
1993,SDN,61,101,679,772,1386,153,443,1046.0,0
1993,SFN,103,59,808,636,1534,168,516,930.0,1
1993,SLN,87,75,758,744,1508,118,588,882.0,1
1994,BAL,63,49,589,497,1047,139,438,655.0,1
1994,BOS,54,61,552,621,1038,120,404,723.0,0
1994,CAL,47,68,543,660,1042,120,402,715.0,0
1994,CHA,67,46,633,498,1133,121,497,568.0,1
1994,CLE,66,47,679,562,1165,167,382,629.0,1
1994,DET,53,62,652,671,1048,161,520,897.0,0
1994,KCA,64,51,574,532,1051,100,376,698.0,1
1994,MIN,53,60,594,688,1092,103,359,635.0,0
1994,ML4,53,62,547,586,1045,99,417,680.0,0
1994,NYA,70,43,670,534,1155,139,530,660.0,1
1994,OAK,51,63,549,589,1009,113,417,686.0,0
1994,SEA,49,63,569,616,1045,153,372,652.0,0
1994,TEX,52,62,613,697,1114,124,437,730.0,0
1994,TOR,55,60,566,579,1064,115,387,691.0,0
1994,ATL,68,46,542,448,1031,137,377,668.0,1
1994,CHN,49,64,500,549,1015,109,364,750.0,0
1994,CIN,66,48,609,490,1142,124,388,738.0,1
1994,COL,53,64,573,638,1098,125,378,761.0,0
1994,FLO,51,64,468,576,1043,94,349,746.0,0
1994,HOU,66,49,602,503,1099,120,394,718.0,1
1994,LAN,58,56,532,509,1055,115,366,687.0,1
1994,MON,74,40,585,454,1111,108,379,669.0,1
1994,NYN,55,58,506,526,966,117,336,807.0,0
1994,PHI,54,61,521,497,1028,80,396,711.0,0
1994,PIT,53,61,466,580,1001,80,349,725.0,0
1994,SDN,47,70,479,531,1117,92,319,762.0,0
1994,SFN,55,60,504,500,963,123,364,719.0,0
1994,SLN,53,61,535,621,1026,108,434,686.0,0
1995,BAL,71,73,704,640,1267,173,574,803.0,0
1995,BOS,86,58,791,698,1399,175,560,923.0,1
1995,CAL,78,67,801,697,1390,186,564,889.0,1
1995,CHA,68,76,755,758,1417,146,576,767.0,0
1995,CLE,100,44,840,607,1461,207,542,766.0,1
1995,DET,60,84,654,844,1204,159,551,987.0,0
1995,KCA,70,74,629,691,1275,119,475,849.0,0
1995,MIN,56,88,703,889,1398,120,471,916.0,0
1995,ML4,65,79,740,747,1329,128,502,800.0,0
1995,NYA,79,65,749,688,1365,122,625,851.0,1
1995,OAK,67,77,730,761,1296,169,565,911.0,0
1995,SEA,79,66,796,708,1377,182,549,871.0,1
1995,TEX,74,70,691,720,1304,138,526,877.0,1
1995,TOR,56,88,642,777,1309,140,492,906.0,0
1995,ATL,90,54,645,540,1202,168,520,933.0,1
1995,CHN,73,71,693,671,1315,158,440,953.0,1
1995,CIN,85,59,747,623,1326,161,519,946.0,1
1995,COL,77,67,785,783,1406,200,484,943.0,1
1995,FLO,67,76,673,673,1278,144,517,916.0,0
1995,HOU,76,68,747,674,1403,109,566,992.0,1
1995,LAN,78,66,634,609,1303,140,468,1023.0,1
1995,MON,66,78,621,638,1268,118,400,901.0,0
1995,NYN,69,75,657,618,1323,125,446,994.0,0
1995,PHI,69,75,615,658,1296,94,497,884.0,0
1995,PIT,58,86,629,736,1281,125,456,972.0,0
1995,SDN,70,74,668,672,1345,116,447,872.0,0
1995,SFN,67,77,652,776,1256,152,472,1060.0,0
1995,SLN,62,81,563,658,1182,107,436,920.0,0
1996,BAL,88,74,949,903,1557,257,645,915.0,1
1996,BOS,85,77,928,921,1631,209,642,1020.0,1
1996,CAL,70,91,762,943,1571,192,527,974.0,0
1996,CHA,85,77,898,794,1586,195,701,927.0,1
1996,CLE,99,62,952,769,1665,218,671,844.0,1
1996,DET,53,109,783,1103,1413,204,546,1268.0,0
1996,KCA,75,86,746,786,1477,123,529,943.0,0
1996,MIN,78,84,877,900,1633,118,576,958.0,0
1996,ML4,80,82,894,899,1578,178,624,986.0,0
1996,NYA,92,70,871,787,1621,162,632,909.0,1
1996,OAK,78,84,861,900,1492,243,640,1114.0,0
1996,SEA,85,76,993,895,1625,245,670,1052.0,1
1996,TEX,90,72,928,799,1622,221,660,1041.0,1
1996,TOR,74,88,766,809,1451,177,529,1105.0,0
1996,ATL,96,66,773,648,1514,197,530,1032.0,1
1996,CHN,76,86,772,771,1388,175,523,1090.0,0
1996,CIN,81,81,778,773,1398,191,604,1134.0,0
1996,COL,83,79,961,964,1607,221,527,1108.0,1
1996,FLO,80,82,688,703,1413,150,553,1122.0,0
1996,HOU,82,80,753,792,1445,129,554,1057.0,1
1996,LAN,90,72,703,652,1396,150,516,1190.0,1
1996,MON,88,74,741,668,1441,148,492,1077.0,1
1996,NYN,71,91,746,779,1515,147,445,1069.0,0
1996,PHI,67,95,650,790,1405,132,536,1092.0,0
1996,PIT,73,89,776,833,1509,138,510,989.0,0
1996,SDN,91,71,771,682,1499,147,601,1014.0,1
1996,SFN,68,94,752,862,1400,153,615,1189.0,0
1996,SLN,88,74,759,706,1468,142,495,1089.0,1
1997,ANA,84,78,829,794,1531,161,617,953.0,1
1997,BAL,98,64,812,681,1498,196,586,952.0,1
1997,BOS,78,84,851,857,1684,185,514,1044.0,0
1997,CHA,80,81,779,833,1498,158,569,901.0,0
1997,CLE,86,75,868,815,1589,220,617,955.0,1
1997,DET,79,83,784,790,1415,176,578,1164.0,0
1997,KCA,67,94,747,820,1478,158,561,1061.0,0
1997,MIN,68,94,772,861,1522,132,495,1121.0,0
1997,ML4,78,83,681,742,1415,135,494,967.0,0
1997,NYA,96,66,891,688,1636,161,676,954.0,1
1997,OAK,65,97,764,946,1451,197,642,1181.0,0
1997,SEA,90,72,925,833,1574,264,626,1110.0,1
1997,TEX,77,85,807,823,1547,187,500,1116.0,0
1997,TOR,76,86,654,694,1333,147,487,1138.0,0
1997,ATL,101,61,791,581,1490,174,597,1160.0,1
1997,CHN,68,94,687,759,1444,127,451,1003.0,0
1997,CIN,76,86,651,764,1386,142,518,1113.0,0
1997,COL,83,79,923,908,1611,239,562,1060.0,1
1997,FLO,92,70,740,669,1410,136,686,1074.0,1
1997,HOU,84,78,777,660,1427,133,633,1085.0,1
1997,LAN,88,74,742,645,1488,174,498,1079.0,1
1997,MON,78,84,691,740,1423,172,420,1084.0,0
1997,NYN,88,74,777,709,1448,153,550,1029.0,1
1997,PHI,68,94,668,840,1390,116,519,1032.0,0
1997,PIT,79,83,725,760,1440,129,481,1161.0,0
1997,SDN,76,86,795,891,1519,152,604,1129.0,0
1997,SFN,90,72,784,793,1415,172,642,1120.0,1
1997,SLN,73,89,689,708,1409,144,543,1191.0,0
1998,ANA,85,77,787,783,1530,147,510,1028.0,1
1998,BAL,79,83,817,785,1520,214,593,903.0,0
1998,BOS,92,70,876,729,1568,205,541,1049.0,1
1998,CHA,80,82,861,931,1516,198,551,916.0,0
1998,CLE,89,73,850,779,1530,198,630,1061.0,1
1998,DET,65,97,722,863,1494,165,455,1070.0,0
1998,KCA,72,89,714,899,1459,134,475,984.0,0
1998,MIN,70,92,734,818,1499,115,506,915.0,0
1998,NYA,114,48,965,656,1625,207,653,1025.0,1
1998,OAK,74,88,804,866,1413,149,633,1122.0,0
1998,SEA,76,85,859,855,1553,234,558,1081.0,0
1998,TBA,63,99,620,751,1450,111,473,1107.0,0
1998,TEX,88,74,940,871,1637,201,595,1045.0,1
1998,TOR,88,74,816,768,1482,221,564,1132.0,1
1998,ARI,65,97,665,812,1353,159,489,1239.0,0
1998,ATL,106,56,826,581,1489,215,548,1062.0,1
1998,CHN,90,73,831,792,1494,212,601,1223.0,1
1998,CIN,77,85,750,760,1441,138,608,1107.0,0
1998,COL,77,85,826,855,1640,183,469,949.0,0
1998,FLO,54,108,667,923,1381,114,525,1120.0,0
1998,HOU,102,60,874,620,1578,166,621,1122.0,1
1998,LAN,83,79,669,678,1374,159,447,1056.0,1
1998,MIL,74,88,707,812,1439,152,532,1039.0,0
1998,MON,65,97,644,783,1348,147,439,1058.0,0
1998,NYN,88,74,706,645,1425,136,572,1049.0,1
1998,PHI,75,87,713,808,1482,126,508,1080.0,0
1998,PIT,69,93,650,718,1395,107,393,1060.0,0
1998,SDN,98,64,749,635,1390,167,604,1072.0,1
1998,SFN,89,74,845,739,1540,161,678,1040.0,1
1998,SLN,83,79,810,782,1444,223,676,1179.0,1
1999,ANA,70,92,711,826,1404,158,511,1022.0,0
1999,BAL,78,84,851,815,1572,203,615,890.0,0
1999,BOS,94,68,836,718,1551,176,597,928.0,1
1999,CHA,75,86,777,870,1563,162,499,810.0,0
1999,CLE,97,65,1009,860,1629,209,743,1099.0,1
1999,DET,69,92,747,882,1433,212,458,1049.0,0
1999,KCA,64,97,856,921,1584,151,535,932.0,0
1999,MIN,63,97,686,845,1450,105,500,978.0,0
1999,NYA,98,64,900,731,1568,193,718,978.0,1
1999,OAK,87,75,893,846,1430,235,770,1129.0,1
1999,SEA,79,83,859,905,1499,244,610,1095.0,0
1999,TBA,69,93,772,913,1531,145,544,1042.0,0
1999,TEX,95,67,945,859,1653,230,611,937.0,1
1999,TOR,84,78,883,862,1580,212,578,1077.0,1
1999,ARI,100,62,908,676,1566,216,588,1045.0,1
1999,ATL,103,59,840,661,1481,197,608,962.0,1
1999,CHN,67,95,747,920,1411,189,571,1170.0,0
1999,CIN,96,67,865,711,1536,209,569,1125.0,1
1999,COL,72,90,906,1028,1644,223,508,863.0,0
1999,FLO,64,98,691,852,1465,128,479,1145.0,0
1999,HOU,97,65,823,675,1463,168,728,1138.0,1
1999,LAN,77,85,793,787,1480,187,594,1030.0,0
1999,MIL,74,87,815,886,1524,165,658,1065.0,0
1999,MON,68,94,718,853,1473,163,438,939.0,0
1999,NYN,97,66,853,711,1553,181,717,994.0,1
1999,PHI,77,85,841,846,1539,161,631,1081.0,0
1999,PIT,78,83,775,782,1417,171,573,1197.0,0
1999,SDN,74,88,710,781,1360,153,631,1169.0,0
1999,SFN,86,76,872,831,1507,188,696,1028.0,1
1999,SLN,75,86,809,838,1461,194,613,1202.0,0
2000,ANA,82,80,864,869,1574,236,608,1024.0,1
2000,BAL,74,88,794,913,1508,184,558,900.0,0
2000,BOS,85,77,792,745,1503,167,611,1019.0,1
2000,CHA,95,67,978,839,1615,216,591,960.0,1
2000,CLE,90,72,950,816,1639,221,685,1057.0,1
2000,DET,79,83,823,827,1553,177,562,982.0,0
2000,KCA,77,85,879,930,1644,150,511,840.0,0
2000,MIN,69,93,748,880,1516,116,556,1021.0,0
2000,NYA,87,74,871,814,1541,205,631,1007.0,1
2000,OAK,91,70,947,813,1501,239,750,1159.0,1
2000,SEA,91,71,907,780,1481,198,775,1073.0,1
2000,TBA,69,92,733,842,1414,162,559,1022.0,0
2000,TEX,71,91,848,974,1601,173,580,922.0,0
2000,TOR,83,79,861,908,1562,244,526,1026.0,1
2000,ARI,85,77,792,754,1466,179,535,975.0,1
2000,ATL,95,67,810,714,1490,179,595,1010.0,1
2000,CHN,65,97,764,904,1426,183,632,1120.0,0
2000,CIN,85,77,825,765,1545,200,559,995.0,1
2000,COL,82,80,968,897,1664,161,601,907.0,1
2000,FLO,79,82,731,797,1441,160,540,1184.0,0
2000,HOU,72,90,938,944,1547,249,673,1129.0,0
2000,LAN,86,76,798,729,1408,211,668,1083.0,1
2000,MIL,73,89,740,826,1366,177,620,1245.0,0
2000,MON,67,95,738,902,1475,178,476,1048.0,0
2000,NYN,94,68,807,738,1445,198,675,1037.0,1
2000,PHI,65,97,708,830,1386,144,611,1117.0,0
2000,PIT,69,93,793,888,1506,168,564,1032.0,0
2000,SDN,76,86,752,815,1413,157,602,1177.0,0
2000,SFN,97,65,925,747,1535,226,709,1032.0,1
2000,SLN,95,67,887,771,1481,235,675,1253.0,1
2001,ANA,75,87,691,730,1447,158,494,1001.0,0
2001,BAL,63,98,687,829,1359,136,514,989.0,0
2001,BOS,82,79,772,745,1493,198,520,1131.0,1
2001,CHA,83,79,798,795,1463,214,520,998.0,1
2001,CLE,91,71,897,821,1559,212,577,1076.0,1
2001,DET,66,96,724,876,1439,139,466,972.0,0
2001,KCA,65,97,729,858,1503,152,406,898.0,0
2001,MIN,85,77,771,766,1514,164,495,1083.0,1
2001,NYA,95,65,804,713,1488,203,519,1035.0,1
2001,OAK,102,60,884,645,1469,199,640,1021.0,1
2001,SEA,116,46,927,627,1637,169,614,989.0,1
2001,TBA,62,100,672,887,1426,121,456,1116.0,0
2001,TEX,73,89,890,968,1566,246,548,1093.0,0
2001,TOR,80,82,767,753,1489,195,470,1094.0,0
2001,ARI,92,70,818,677,1494,208,587,1052.0,1
2001,ATL,88,74,729,643,1432,174,493,1039.0,1
2001,CHN,88,74,777,701,1409,194,577,1077.0,1
2001,CIN,66,96,735,850,1464,176,468,1172.0,0
2001,COL,73,89,923,906,1663,213,511,1027.0,0
2001,FLO,76,86,742,744,1461,166,470,1145.0,0
2001,HOU,93,69,847,769,1500,208,581,1119.0,1
2001,LAN,86,76,758,744,1399,206,519,1062.0,1
2001,MIL,68,94,740,806,1378,209,488,1399.0,0
2001,MON,68,94,670,812,1361,131,478,1071.0,0
2001,NYN,82,80,642,713,1361,147,545,1062.0,1
2001,PHI,86,76,746,719,1431,164,551,1125.0,1
2001,PIT,62,100,657,858,1333,161,467,1106.0,0
2001,SDN,79,83,789,812,1379,161,678,1273.0,0
2001,SFN,90,72,799,748,1493,235,625,1090.0,1
2001,SLN,93,69,814,684,1469,199,529,1089.0,1
2002,ANA,99,63,851,644,1603,152,462,805.0,1
2002,BAL,67,95,667,773,1353,165,452,993.0,0
2002,BOS,93,69,859,665,1560,177,545,944.0,1
2002,CHA,81,81,856,798,1475,217,555,952.0,0
2002,CLE,74,88,739,837,1349,192,542,1000.0,0
2002,DET,55,106,575,864,1340,124,363,1035.0,0
2002,KCA,62,100,737,891,1415,140,524,921.0,0
2002,MIN,94,67,768,712,1518,167,472,1089.0,1
2002,NYA,103,58,897,697,1540,223,640,1171.0,1
2002,OAK,103,59,800,654,1450,205,609,1008.0,1
2002,SEA,93,69,814,699,1531,152,629,1003.0,1
2002,TBA,55,106,673,918,1418,133,456,1115.0,0
2002,TEX,72,90,843,882,1510,230,554,1055.0,0
2002,TOR,78,84,813,828,1457,187,522,1142.0,0
2002,ARI,98,64,819,674,1471,165,643,1016.0,1
2002,ATL,101,59,708,565,1428,164,558,1028.0,1
2002,CHN,67,95,706,759,1351,200,585,1269.0,0
2002,CIN,78,84,709,774,1386,169,583,1188.0,0
2002,COL,73,89,778,898,1508,152,497,1043.0,0
2002,FLO,79,83,699,763,1433,146,595,1130.0,0
2002,HOU,84,78,749,695,1441,167,589,1120.0,1
2002,LAN,92,70,713,643,1464,155,428,940.0,1
2002,MIL,56,106,627,821,1369,139,500,1125.0,0
2002,MON,83,79,735,718,1432,162,575,1104.0,1
2002,NYN,75,86,690,703,1409,160,486,1044.0,0
2002,PHI,80,81,710,724,1428,165,640,1095.0,0
2002,PIT,72,89,641,730,1300,142,537,1109.0,0
2002,SDN,66,96,662,815,1393,136,547,1062.0,0
2002,SFN,95,66,783,616,1465,198,616,961.0,1
2002,SLN,97,65,787,648,1475,175,542,927.0,1
2003,ANA,77,85,736,743,1473,150,476,838.0,0
2003,BAL,71,91,743,820,1516,152,431,902.0,0
2003,BOS,95,67,961,809,1667,238,620,943.0,1
2003,CHA,86,76,791,715,1445,220,519,916.0,1
2003,CLE,68,94,699,778,1413,158,466,1062.0,0
2003,DET,43,119,591,928,1312,153,443,1099.0,0
2003,KCA,83,79,836,867,1526,162,476,926.0,1
2003,MIN,90,72,801,758,1567,155,512,1027.0,1
2003,NYA,101,61,877,716,1518,230,684,1042.0,1
2003,OAK,96,66,768,643,1398,176,556,898.0,1
2003,SEA,93,69,795,637,1509,139,586,989.0,1
2003,TBA,63,99,715,852,1501,137,420,1030.0,0
2003,TEX,71,91,826,969,1506,239,488,1052.0,0
2003,TOR,86,76,894,826,1580,190,546,1081.0,1
2003,ARI,84,78,717,685,1467,152,531,1006.0,1
2003,ATL,101,61,907,740,1608,235,545,933.0,1
2003,CHN,88,74,724,683,1431,172,492,1158.0,1
2003,CIN,69,93,694,886,1349,182,524,1326.0,0
2003,COL,74,88,853,892,1472,198,619,1134.0,0
2003,FLO,91,71,751,692,1459,157,515,978.0,1
2003,HOU,87,75,805,677,1466,191,557,1021.0,1
2003,LAN,85,77,574,556,1328,124,407,985.0,1
2003,MIL,68,94,714,873,1423,196,547,1221.0,0
2003,MON,83,79,711,716,1404,144,522,990.0,1
2003,NYN,66,95,642,754,1317,124,489,1035.0,0
2003,PHI,86,76,791,697,1448,166,651,1155.0,1
2003,PIT,75,87,753,801,1492,163,529,1049.0,0
2003,SDN,64,98,678,831,1442,128,565,1073.0,0
2003,SFN,100,61,755,638,1440,180,593,980.0,1
2003,SLN,85,77,876,796,1580,196,580,952.0,1
2004,ANA,92,70,836,734,1603,162,450,942.0,1
2004,BAL,78,84,842,830,1614,169,528,949.0,0
2004,BOS,98,64,949,768,1613,222,659,1189.0,1
2004,CHA,83,79,865,831,1481,242,499,1030.0,1
2004,CLE,80,82,858,857,1565,184,606,1009.0,0
2004,DET,72,90,827,844,1531,201,518,1144.0,0
2004,KCA,58,104,720,905,1432,150,461,1057.0,0
2004,MIN,92,70,780,715,1494,191,513,982.0,1
2004,NYA,101,61,897,808,1483,242,670,982.0,1
2004,OAK,91,71,793,742,1545,189,608,1061.0,1
2004,SEA,63,99,698,823,1544,136,492,1058.0,0
2004,TBA,70,91,714,842,1416,145,469,944.0,0
2004,TEX,89,73,860,794,1492,227,500,1099.0,1
2004,TOR,67,94,719,823,1438,145,513,1083.0,0
2004,ARI,51,111,615,899,1401,135,441,1022.0,0
2004,ATL,96,66,803,668,1503,178,587,1158.0,1
2004,CHN,89,73,789,665,1508,235,489,1080.0,1
2004,CIN,76,86,750,907,1380,194,599,1335.0,0
2004,COL,68,94,833,923,1531,202,568,1181.0,0
2004,FLO,83,79,718,700,1447,148,499,968.0,1
2004,HOU,92,70,803,698,1458,187,590,999.0,1
2004,LAN,93,69,761,684,1450,203,536,1092.0,1
2004,MIL,67,94,634,757,1358,135,540,1312.0,0
2004,MON,67,95,635,769,1361,151,496,925.0,0
2004,NYN,71,91,684,731,1376,185,512,1159.0,0
2004,PHI,86,76,840,781,1505,215,645,1133.0,1
2004,PIT,72,89,680,744,1428,142,415,1066.0,0
2004,SDN,87,75,768,705,1521,139,566,910.0,1
2004,SFN,91,71,850,770,1500,183,705,874.0,1
2004,SLN,105,57,855,659,1544,214,548,1085.0,1
2005,BAL,74,88,729,800,1492,189,447,902.0,0
2005,BOS,95,67,910,805,1579,199,653,1044.0,1
2005,CHA,99,63,741,645,1450,200,435,1002.0,1
2005,CLE,93,69,790,642,1522,207,503,1093.0,1
2005,DET,71,91,723,787,1521,168,384,1038.0,0
2005,KCA,56,106,701,935,1445,126,424,1008.0,0
2005,LAA,95,67,761,643,1520,147,447,848.0,1
2005,MIN,83,79,688,662,1441,134,485,978.0,1
2005,NYA,95,67,886,789,1552,229,637,989.0,1
2005,OAK,88,74,772,658,1476,155,537,819.0,1
2005,SEA,69,93,699,751,1408,130,466,986.0,0
2005,TBA,67,95,750,936,1519,157,412,990.0,0
2005,TEX,79,83,865,858,1528,260,495,1112.0,0
2005,TOR,80,82,775,705,1480,136,486,955.0,0
2005,ARI,77,85,696,856,1419,191,606,1094.0,0
2005,ATL,90,72,769,674,1453,184,534,1084.0,1
2005,CHN,79,83,703,714,1506,194,419,920.0,0
2005,CIN,73,89,820,889,1453,222,611,1303.0,0
2005,COL,67,95,740,862,1477,150,509,1103.0,0
2005,FLO,83,79,717,732,1499,128,512,918.0,1
2005,HOU,89,73,693,609,1400,161,481,1037.0,1
2005,LAN,71,91,685,755,1374,149,541,1094.0,0
2005,MIL,81,81,726,697,1413,175,531,1162.0,0
2005,NYN,83,79,722,648,1421,175,486,1075.0,1
2005,PHI,88,74,807,726,1494,167,639,1083.0,1
2005,PIT,67,95,680,769,1445,139,471,1092.0,0
2005,SDN,82,80,684,726,1416,130,600,977.0,1
2005,SFN,75,87,649,745,1427,128,431,901.0,0
2005,SLN,100,62,805,634,1494,170,534,947.0,1
2005,WAS,81,81,639,673,1367,117,491,1090.0,0
2006,BAL,70,92,768,899,1556,164,474,878.0,0
2006,BOS,86,76,820,825,1510,192,672,1056.0,1
2006,CHA,90,72,868,794,1586,236,502,1056.0,1
2006,CLE,78,84,870,782,1576,196,556,1204.0,0
2006,DET,95,67,822,675,1548,203,430,1133.0,1
2006,KCA,62,100,757,971,1515,124,474,1040.0,0
2006,LAA,89,73,766,732,1539,159,486,914.0,1
2006,MIN,96,66,801,683,1608,143,490,872.0,1
2006,NYA,97,65,930,767,1608,210,649,1053.0,1
2006,OAK,93,69,771,727,1429,175,650,976.0,1
2006,SEA,78,84,756,792,1540,172,404,974.0,0
2006,TBA,61,101,689,856,1395,190,441,1106.0,0
2006,TEX,80,82,835,784,1571,183,505,1061.0,0
2006,TOR,87,75,809,754,1591,199,514,906.0,1
2006,ARI,76,86,773,788,1506,160,504,965.0,0
2006,ATL,79,83,849,805,1510,222,526,1169.0,0
2006,CHN,66,96,716,834,1496,166,395,928.0,0
2006,CIN,80,82,749,801,1419,217,614,1192.0,0
2006,COL,76,86,813,812,1504,157,561,1108.0,0
2006,FLO,78,84,758,772,1454,182,497,1249.0,0
2006,HOU,82,80,735,719,1407,174,585,1076.0,1
2006,LAN,88,74,820,751,1552,153,601,959.0,1
2006,MIL,75,87,730,833,1400,180,502,1233.0,0
2006,NYN,97,65,834,731,1469,200,547,1071.0,1
2006,PHI,85,77,865,812,1518,216,626,1203.0,1
2006,PIT,67,95,691,797,1462,141,459,1200.0,0
2006,SDN,88,74,731,679,1465,161,564,1104.0,1
2006,SFN,76,85,746,790,1418,163,494,891.0,0
2006,SLN,83,78,781,762,1484,184,531,922.0,1
2006,WAS,71,91,746,872,1437,164,594,1156.0,0
2007,BAL,69,93,756,868,1529,142,500,939.0,0
2007,BOS,96,66,867,657,1561,166,689,1042.0,1
2007,CHA,72,90,693,839,1341,190,532,1149.0,0
2007,CLE,96,66,811,704,1504,178,590,1202.0,1
2007,DET,88,74,887,797,1652,177,474,1054.0,1
2007,KCA,69,93,706,778,1447,102,428,1069.0,0
2007,LAA,94,68,822,731,1578,123,507,883.0,1
2007,MIN,79,83,718,725,1460,118,512,839.0,0
2007,NYA,94,68,968,777,1656,201,637,991.0,1
2007,OAK,76,86,741,758,1430,171,664,1119.0,0
2007,SEA,88,74,794,813,1629,153,389,861.0,1
2007,TBA,66,96,782,944,1500,187,545,1324.0,0
2007,TEX,75,87,816,844,1460,179,503,1224.0,0
2007,TOR,83,79,753,699,1434,165,533,1044.0,1
2007,ARI,90,72,712,732,1350,171,532,1111.0,1
2007,ATL,84,78,810,733,1562,176,534,1149.0,1
2007,CHN,85,77,752,690,1530,151,500,1054.0,1
2007,CIN,72,90,783,853,1496,204,536,1113.0,0
2007,COL,90,73,860,758,1591,171,622,1152.0,1
2007,FLO,71,91,790,891,1504,201,521,1332.0,0
2007,HOU,73,89,723,813,1457,167,547,1043.0,0
2007,LAN,82,80,735,727,1544,129,511,864.0,1
2007,MIL,83,79,801,776,1455,231,501,1137.0,1
2007,NYN,88,74,804,750,1543,177,549,981.0,1
2007,PHI,89,73,892,821,1558,213,641,1205.0,1
2007,PIT,68,94,724,846,1463,148,463,1135.0,0
2007,SDN,89,74,741,666,1408,171,557,1229.0,1
2007,SFN,71,91,683,720,1407,131,532,907.0,0
2007,SLN,78,84,725,829,1513,141,506,909.0,0
2007,WAS,73,89,673,783,1415,123,524,1128.0,0
2008,BAL,68,93,782,869,1486,172,533,990.0,0
2008,BOS,95,67,845,694,1565,173,646,1068.0,1
2008,CHA,89,74,811,729,1458,235,540,1016.0,1
2008,CLE,81,81,805,761,1455,171,560,1213.0,0
2008,DET,74,88,821,857,1529,200,572,1076.0,0
2008,KCA,75,87,691,781,1507,120,392,1005.0,0
2008,LAA,100,62,765,697,1486,159,481,987.0,1
2008,MIN,88,75,829,745,1572,111,529,979.0,1
2008,NYA,89,73,789,727,1512,180,535,1015.0,1
2008,OAK,75,86,646,690,1318,125,574,1226.0,0
2008,SEA,61,101,671,811,1498,124,417,890.0,0
2008,TBA,97,65,774,671,1443,180,626,1224.0,1
2008,TEX,79,83,901,967,1619,194,595,1207.0,0
2008,TOR,86,76,714,610,1453,126,521,938.0,1
2008,ARI,82,80,720,706,1355,159,587,1287.0,1
2008,ATL,72,90,753,778,1514,130,618,1023.0,0
2008,CHN,97,64,855,671,1552,184,636,1186.0,1
2008,CIN,74,88,704,800,1351,187,560,1125.0,0
2008,COL,74,88,747,822,1462,160,570,1209.0,0
2008,FLO,84,77,770,767,1397,208,543,1371.0,1
2008,HOU,86,75,712,743,1432,167,449,1051.0,1
2008,LAN,84,78,700,648,1455,137,543,1032.0,1
2008,MIL,90,72,750,689,1398,198,550,1203.0,1
2008,NYN,89,73,799,715,1491,172,619,1024.0,1
2008,PHI,92,70,799,680,1407,214,586,1117.0,1
2008,PIT,67,95,735,884,1454,153,474,1039.0,0
2008,SDN,63,99,637,764,1390,154,518,1259.0,0
2008,SFN,72,90,640,759,1452,94,452,1044.0,0
2008,SLN,86,76,779,725,1585,174,577,985.0,1
2008,WAS,59,102,641,825,1376,117,534,1095.0,0
2009,BAL,64,98,741,876,1508,160,517,1013.0,0
2009,BOS,95,67,872,736,1495,212,659,1120.0,1
2009,CHA,79,83,724,732,1410,184,534,1022.0,0
2009,CLE,65,97,773,865,1468,161,582,1211.0,0
2009,DET,86,77,743,745,1443,183,540,1114.0,1
2009,KCA,65,97,686,842,1432,144,457,1091.0,0
2009,LAA,97,65,883,761,1604,173,547,1054.0,1
2009,MIN,87,76,817,765,1539,172,585,1021.0,1
2009,NYA,103,59,915,753,1604,244,663,1014.0,1
2009,OAK,75,87,759,761,1464,135,527,1046.0,0
2009,SEA,85,77,640,692,1430,160,421,1093.0,1
2009,TBA,84,78,803,754,1434,199,642,1229.0,1
2009,TEX,87,75,784,740,1436,224,472,1253.0,1
2009,TOR,75,87,798,771,1516,209,548,1028.0,0
2009,ARI,70,92,720,782,1408,173,571,1298.0,0
2009,ATL,86,76,735,641,1459,149,602,1064.0,1
2009,CHN,83,78,707,672,1398,161,592,1185.0,1
2009,CIN,78,84,673,723,1349,158,531,1129.0,0
2009,COL,92,70,804,715,1408,190,660,1277.0,1
2009,FLO,87,75,772,766,1493,159,568,1226.0,1
2009,HOU,74,88,643,770,1415,142,448,990.0,0
2009,LAN,95,67,780,611,1511,145,607,1068.0,1
2009,MIL,80,82,785,818,1447,182,610,1231.0,0
2009,NYN,70,92,671,757,1472,95,526,928.0,0
2009,PHI,93,69,820,709,1439,224,589,1155.0,1
2009,PIT,62,99,636,768,1364,125,499,1142.0,0
2009,SDN,75,87,638,769,1315,141,586,1182.0,0
2009,SFN,88,74,657,611,1411,122,392,1158.0,1
2009,SLN,91,71,730,640,1436,160,528,1041.0,1
2009,WAS,59,103,710,874,1416,156,617,1208.0,0
2010,BAL,66,96,613,785,1440,133,424,1056.0,0
2010,BOS,89,73,818,744,1511,211,587,1140.0,1
2010,CHA,88,74,752,704,1467,177,467,922.0,1
2010,CLE,69,93,646,752,1362,128,545,1184.0,0
2010,DET,81,81,751,743,1515,152,546,1147.0,0
2010,KCA,67,95,676,845,1534,121,471,905.0,0
2010,LAA,80,82,681,702,1363,155,466,1070.0,0
2010,MIN,94,68,781,671,1521,142,559,967.0,1
2010,NYA,95,67,859,693,1485,201,662,1136.0,1
2010,OAK,81,81,663,626,1396,109,527,1061.0,0
2010,SEA,61,101,513,698,1274,101,459,1184.0,0
2010,TBA,96,66,802,649,1343,160,672,1292.0,1
2010,TEX,90,72,787,687,1556,162,511,986.0,1
2010,TOR,85,77,755,728,1364,257,471,1164.0,1
2010,ARI,65,97,713,836,1366,180,589,1529.0,0
2010,ATL,91,71,738,629,1411,139,634,1140.0,1
2010,CHN,75,87,685,767,1414,149,479,1236.0,0
2010,CIN,91,71,790,685,1515,188,522,1218.0,1
2010,COL,83,79,770,717,1452,173,585,1274.0,1
2010,FLO,80,82,719,717,1403,152,514,1375.0,0
2010,HOU,76,86,611,729,1348,108,415,1025.0,0
2010,LAN,80,82,667,692,1368,120,533,1184.0,0
2010,MIL,77,85,750,804,1471,182,546,1216.0,0
2010,NYN,79,83,656,652,1361,128,502,1095.0,0
2010,PHI,97,65,772,640,1451,166,560,1064.0,1
2010,PIT,57,105,587,866,1303,126,463,1207.0,0
2010,SDN,90,72,665,581,1338,132,538,1183.0,1
2010,SFN,92,70,697,583,1411,162,487,1099.0,1
2010,SLN,86,76,736,641,1456,150,541,1027.0,1
2010,WAS,69,93,655,742,1355,149,503,1220.0,0
2011,BAL,69,93,708,860,1434,191,452,1120.0,0
2011,BOS,90,72,875,737,1600,203,578,1108.0,1
2011,CHA,79,83,654,706,1387,154,475,989.0,0
2011,CLE,80,82,704,760,1380,154,494,1269.0,0
2011,DET,95,67,787,711,1540,169,521,1143.0,1
2011,KCA,71,91,730,762,1560,129,442,1006.0,0
2011,LAA,86,76,667,633,1394,155,442,1086.0,1
2011,MIN,63,99,619,804,1357,103,440,1048.0,0
2011,NYA,97,65,867,657,1452,222,627,1138.0,1
2011,OAK,74,88,645,679,1330,114,509,1094.0,0
2011,SEA,67,95,556,675,1263,109,435,1280.0,0
2011,TBA,91,71,707,614,1324,172,571,1193.0,1
2011,TEX,96,66,855,677,1599,210,475,930.0,1
2011,TOR,81,81,743,761,1384,186,525,1184.0,0
2011,ARI,94,68,731,662,1357,172,531,1249.0,1
2011,ATL,89,73,641,605,1345,173,504,1260.0,1
2011,CHN,71,91,654,756,1423,148,425,1202.0,0
2011,CIN,79,83,735,720,1438,183,535,1250.0,0
2011,COL,73,89,735,774,1429,163,555,1201.0,0
2011,FLO,72,90,625,702,1358,149,542,1244.0,0
2011,HOU,56,106,615,796,1442,95,401,1164.0,0
2011,LAN,82,79,644,612,1395,117,498,1087.0,1
2011,MIL,96,66,721,638,1422,185,481,1083.0,1
2011,NYN,77,85,718,742,1477,108,571,1085.0,0
2011,PHI,102,60,713,529,1409,153,539,1024.0,1
2011,PIT,72,90,610,712,1325,107,489,1308.0,0
2011,SDN,71,91,593,611,1284,91,501,1320.0,0
2011,SFN,86,76,570,578,1327,121,448,1122.0,1
2011,SLN,90,72,762,692,1513,162,542,978.0,1
2011,WAS,80,81,624,643,1319,154,470,1323.0,0
2012,BAL,93,69,712,705,1375,214,480,1315.0,1
2012,BOS,69,93,734,806,1459,165,428,1197.0,0
2012,CHA,85,77,748,676,1409,211,461,1203.0,1
2012,CLE,68,94,667,845,1385,136,555,1087.0,0
2012,DET,88,74,726,670,1467,163,511,1103.0,1
2012,KCA,72,90,676,746,1492,131,404,1032.0,0
2012,LAA,89,73,767,699,1518,187,449,1113.0,1
2012,MIN,66,96,701,832,1448,131,505,1069.0,0
2012,NYA,95,67,804,668,1462,245,565,1176.0,1
2012,OAK,94,68,713,614,1315,195,550,1387.0,1
2012,SEA,75,87,619,651,1285,149,466,1259.0,0
2012,TBA,90,72,697,577,1293,175,571,1323.0,1
2012,TEX,93,69,808,707,1526,200,478,1103.0,1
2012,TOR,73,89,716,784,1346,198,473,1251.0,0
2012,ARI,81,81,734,688,1416,165,539,1266.0,0
2012,ATL,94,68,700,600,1341,149,567,1289.0,1
2012,CHN,61,101,613,759,1297,137,447,1235.0,0
2012,CIN,97,65,669,588,1377,172,481,1266.0,1
2012,COL,64,98,758,890,1526,166,450,1213.0,0
2012,HOU,55,107,583,794,1276,146,463,1365.0,0
2012,LAN,86,76,637,597,1369,116,481,1156.0,1
2012,MIA,69,93,609,724,1327,137,484,1228.0,0
2012,MIL,83,79,776,733,1442,202,466,1240.0,1
2012,NYN,74,88,650,709,1357,139,503,1250.0,0
2012,PHI,81,81,684,680,1414,158,454,1094.0,0
2012,PIT,79,83,651,674,1313,170,444,1354.0,0
2012,SDN,76,86,651,710,1339,121,539,1238.0,0
2012,SFN,94,68,718,649,1495,103,483,1097.0,1
2012,SLN,88,74,765,648,1526,159,533,1192.0,1
2012,WAS,98,64,731,594,1468,194,479,1325.0,1
